checkpoint,k,in_p2_window,unit_count,rank_QF_min,rank_QF_max,mean_projector_trace,projector_top4_trace_fraction,projector_top8_trace_fraction,projector_top16_trace_fraction,projector_eigen4,fixed_U4_mean,fixed_U4_q10,fixed_U4_median,fixed_U4_q90,capture_F_mean,capture_F_q10,capture_F_median,capture_F_q90,capture_P_mean,capture_P_q10,capture_P_median,capture_P_q90,propagation_residual_mean,propagation_residual_q10,propagation_residual_median,propagation_residual_q90,cosine_mean,cosine_q10,cosine_median,cosine_q90,gain_mean,gain_q10,gain_median,gain_q90,residual_fraction_mean,residual_fraction_q10,residual_fraction_median,residual_fraction_q90,delta_norm_mean,delta_norm_q10,delta_norm_median,delta_norm_q90,residual_aggregate_energy_fraction,residual_spectrum_interpretable_numerically,raw_C1,raw_C2,raw_C4,raw_C8,raw_C16,raw_C32,raw_C64,raw_row_count,row_normalized_C1,row_normalized_C2,row_normalized_C4,row_normalized_C8,row_normalized_C16,row_normalized_C32,row_normalized_C64,row_normalized_row_count,transport_residual_raw_C1,transport_residual_raw_C2,transport_residual_raw_C4,transport_residual_raw_C8,transport_residual_raw_C16,transport_residual_raw_C32,transport_residual_raw_C64,transport_residual_raw_row_count,transport_residual_normalized_C1,transport_residual_normalized_C2,transport_residual_normalized_C4,transport_residual_normalized_C8,transport_residual_normalized_C16,transport_residual_normalized_C32,transport_residual_normalized_C64,transport_residual_normalized_row_count,raw_split_overlap_r4,raw_split_overlap_r8,raw_split_overlap_r16,row_normalized_split_overlap_r4,row_normalized_split_overlap_r8,row_normalized_split_overlap_r16,transport_residual_raw_split_overlap_r4,transport_residual_raw_split_overlap_r8,transport_residual_raw_split_overlap_r16,transport_residual_normalized_split_overlap_r4,transport_residual_normalized_split_overlap_r8,transport_residual_normalized_split_overlap_r16
291402,0,True,1024,4,4,3.9999999999999893,1.0000000000000022,1.0000000000000078,1.0000000000000135,0.9999999999999978,0.9999999885172288,0.9999999718442717,0.9999999866727307,1.0000000082179408,0.9999999999999827,0.9999999999999528,0.9999999999999916,0.999999999999998,0.9999999999999825,0.9999999999999529,0.9999999999999916,0.9999999999999979,0.0,0.0,0.0,0.0,1.0,0.9999999999999999,1.0,1.0000000000000002,1.0,1.0,1.0,1.0,1.7591352972355695e-14,2.4284719673761475e-15,8.420497880982549e-15,4.7141604782031014e-14,3.0186139420294973,1.2211659528984253,2.5524829948267325,5.304207039724246,6.228464811171348e-15,False,0.5932386609055,0.9456116658092475,0.9999999999999937,0.9999999999999951,0.9999999999999971,0.9999999999999999,0.9999999999999999,1024,0.47209974189306847,0.9089304819346034,0.9999999999999826,0.9999999999999872,0.9999999999999936,1.0,1.0,1024,0.06648386552603724,0.12840479206689304,0.2349571626408895,0.4183832769227485,0.7194212337339141,0.9999999999999865,0.9999999999999865,1024,0.0,0.0,0.0,0.0,0.0,0.0,0.0,0,0.9999999999999991,,,0.9999999999999987,,,,,,,,
291402,1,True,1024,4,4,3.9999999999999987,0.6619329468469541,0.9134372711516758,0.9867962025989482,0.591382646921412,0.05007885833949404,0.011162911049174275,0.042025574950553576,0.10654405198180988,0.8188506427930817,0.5723893037632702,0.8687195364706017,0.9722966583189251,0.8600275927577247,0.6726343650250998,0.902358900443881,0.9755950848741255,0.42882087689029164,0.18581535827714077,0.4030416681475214,0.7100516063633472,0.8916990381315071,0.7431621318996163,0.9250226655864702,0.984224539881592,0.7914189687816671,0.6050307008514269,0.776559566088114,1.0163195000367857,0.1811493572069183,0.027703341681074765,0.13128046352939915,0.42761069623672954,2.535907273495608,0.9223510591255366,2.1446285217406245,4.994064648568671,0.3232562353463818,True,0.33676723608123615,0.6031904072760728,0.8122717538851321,0.9360212161477818,0.9876335373685154,0.9979861058762587,0.9997984872475149,1024,0.3230662115634585,0.590844234067661,0.7987589613777559,0.9254113117946081,0.9828116926489427,0.9971261150869299,0.9997166100750854,1024,0.30330547284318576,0.5296581041437012,0.7515015657345298,0.9068604392503855,0.9775579436015643,0.9956078756497989,0.9995935597077521,1024,0.27034769802873415,0.4636252756070759,0.6558535548382621,0.8443122784072715,0.9535501273758544,0.9901210815654369,0.998989330052102,1024,0.9841006257544178,0.9489306294323824,0.9805628672862152,0.9318960311910184,0.9444352183435221,0.9702031617920368,0.9756503648644733,0.9408007104538187,0.9461406014131943,0.9727663696399154,0.970492668475289,0.9761302093472491
291402,2,True,1024,4,4,4.000000000000001,0.6633669264804544,0.9189942795578763,0.9876112940133905,0.5788136962510596,0.05453043262999192,0.009870416390149746,0.0473270961344496,0.11768468530493885,0.8274454416494306,0.5861807185709061,0.8750888219655185,0.9745209100198099,0.8686985654688555,0.6802880672892695,0.9152425368886359,0.9774681798720434,0.41853486026244735,0.1796861572484966,0.3942731165383205,0.7039260892874395,0.895693001230651,0.7520862416808151,0.9276230995854661,0.9849714991200084,0.7781886938165858,0.5622449829160256,0.767720618161785,0.9938632199535937,0.1725545583505696,0.025479089980189405,0.12491117803448185,0.4138192814290953,2.5196552527628464,0.8925079714604575,2.136820155020269,4.87487901018798,0.307230005643045,True,0.3215867845328267,0.5926647168486099,0.8308948961350873,0.943105864864235,0.989483946476473,0.9982994634690577,0.9998338095577102,1024,0.3256394149103096,0.5846523325961892,0.8159611406859935,0.9351115740313133,0.9855716144988185,0.9976321484500089,0.9997685128586327,1024,0.31719019519930924,0.5575195227050678,0.7771688090188191,0.9138747505341256,0.9780529313409223,0.9959561524915225,0.9996455376451864,1024,0.28002672607269125,0.4900345265414121,0.6764072973077205,0.8534686671891405,0.9553948714444152,0.9909831856120092,0.9990943776521894,1024,0.9862034392160429,0.9626888799265887,0.9797284711998431,0.963034852384552,0.9786784635527073,0.9880494759597664,0.9783617055309408,0.9473169019319974,0.9434411861066696,0.9752416189164252,0.9760071357044002,0.9758121769929717
291402,3,True,1024,4,4,4.000000000000001,0.6540780979384613,0.9165748970233615,0.9877107327203811,0.5477406641570518,0.060549880478195095,0.008628635075490394,0.05077334731949576,0.1321437983073824,0.8322850807607894,0.589933858665105,0.8848253715140025,0.9761612294221034,0.8734900956599532,0.6941242191449507,0.9208976983060115,0.9790511961430922,0.4146363288237317,0.17174404009780855,0.39343919183021026,0.7069416426173283,0.8972427718595817,0.7453951015986265,0.9295763840019152,0.9862086220936956,0.8051307507700981,0.5559957219232377,0.8037825137297936,1.014239163757528,0.16771491923921064,0.023838770577896955,0.11517462848599766,0.41006614133489544,2.6441837241855293,0.9328721586693371,2.209868492123766,5.077834946653995,0.2913842847590554,True,0.33221492972851346,0.581318484202251,0.8428551710155342,0.9500873865329728,0.990351522788823,0.9984561703745366,0.9998477470398393,1024,0.33139111912617253,0.569365483392549,0.8288184251280379,0.9420777420726197,0.9873045171394589,0.9979095778506877,0.9997920737189627,1024,0.3095606260566429,0.5567181589562974,0.7920376315722806,0.918022410298151,0.9780640036234659,0.9959205625359808,0.9996396623859876,1024,0.29438383596384954,0.5232182427436947,0.6993687686636569,0.8618858821977705,0.955149012616386,0.9910352814609992,0.9991025892308543,1024,0.9889910145070536,0.982951018981979,0.9804857784465736,0.9686737083883671,0.9527368804857033,0.9906051047670497,0.9902547900433507,0.9237900422179346,0.9626649263148861,0.9728163822487716,0.9785891672589888,0.9270095807990723
291402,4,True,1024,4,4,4.0,0.6433687967150227,0.9147185052605606,0.9877328633192362,0.5228469568502362,0.06755969132527492,0.0070599078237671845,0.060823132679656014,0.13950404817324305,0.8332634846840936,0.5769021081946338,0.8859598680629304,0.9772329280531066,0.8683984402562388,0.6885325863709947,0.9185199066032228,0.9796174291544687,0.4228820397605293,0.1739485831433019,0.3913653253221061,0.7157976538427324,0.8961800386866825,0.7288718478388607,0.9313535167604542,0.9862929677344503,0.8963105494493137,0.6095210234552879,0.9012047349277448,1.2094415104411032,0.16673651531590655,0.02276707194689247,0.11404013193706991,0.4230978918053655,2.93313329888002,1.0152217784952566,2.469241926165313,5.263131159603866,0.27736694894108743,True,0.43778399754771036,0.6242813055760901,0.8606205843866742,0.9553740764972947,0.9913579574006814,0.9985690070411323,0.9998627311276674,1024,0.35180361972042945,0.5743401031185886,0.8425870328238672,0.9489638166232129,0.9886233549269632,0.998164718490846,0.9998163043802288,1024,0.3226882698588789,0.5683794263006269,0.7834857524424135,0.917859925280383,0.9776457793720656,0.9959412296337253,0.9996153738363949,1024,0.2977128743843918,0.5451462913124875,0.709440801496248,0.8670789173084368,0.9572013161434642,0.9913687193795441,0.9990961044684387,1024,0.9923684465622143,0.9768249255358601,0.9649319554761652,0.9616416596929592,0.9853380572869443,0.9875617030197796,0.9883548308690719,0.956423140748679,0.9437167383484371,0.9584759951827708,0.9694218216701779,0.9632339654359412
291402,5,True,1024,4,4,3.9999999999999996,0.6476835092353176,0.9124401452873717,0.9864212125558016,0.5515930291033693,0.06574134877140975,0.005577132441519415,0.059110060637138834,0.1356433333950774,0.8231052867698954,0.5689297085138956,0.8731730553765683,0.9740050118853437,0.8447170036992038,0.6505700770653919,0.8872250712861027,0.9790397472467671,0.46113568761251406,0.18593878785032544,0.40684634511719237,0.7474091752495561,0.8892070868477009,0.7327036518701938,0.9260541781214974,0.9845936552620129,1.0979328470662164,0.6530983975559658,0.9662934451749166,1.754446600239925,0.17689471323010475,0.02599498811465611,0.1268269446234318,0.431070291486105,3.302968633740549,1.108210638769029,2.74257370124245,6.064745562857239,0.28820469432227863,True,0.5154253489217695,0.6656343057180907,0.87221532887084,0.9597015268832834,0.9918494700389952,0.9986499511989975,0.999872759380197,1024,0.3791543498533415,0.6095729895175164,0.8492346973456036,0.9513956691181674,0.9899704968626334,0.9983032489416163,0.9998377624473216,1024,0.39038586522876956,0.5921824647236917,0.7835838282102949,0.9194956136827216,0.9764963243100824,0.9958193882764149,0.9996073311265099,1024,0.28351822773025587,0.5417880455412063,0.7072541109384298,0.8785386290901039,0.9589085395642346,0.9918311285638762,0.9991774871066142,1024,0.9873894123391325,0.9793464158088745,0.9321811003198928,0.993626254349159,0.9872704045146388,0.9833166326213261,0.9781361909797817,0.9473071285620338,0.9209583295554841,0.9400278433666313,0.9861641056731237,0.9645338532348049
291402,6,True,1024,4,4,4.000000000000002,0.6576168814033477,0.9044743331996581,0.9852227724392641,0.5563552471123285,0.05118188670435404,0.00448776589302581,0.03701692709110468,0.12307341821816849,0.8092851735169846,0.5683965945949502,0.8531568566296862,0.9665808477101945,0.8142573930554622,0.594515427973661,0.8584160535587362,0.9720767142162193,0.541052131385371,0.2112582586204115,0.45911757883108006,0.8390854464736498,0.879416392684768,0.7297500298448527,0.9129617388792937,0.9801913501880279,1.3427829508308653,0.6548914586558781,1.0365668607600456,2.394252693558657,0.19071482648301546,0.03341915228980604,0.14684314337031357,0.43160340540504993,3.5242209468496197,1.1507631581504478,3.0663298521021085,6.442204114826561,0.2954314053532308,True,0.541118159802338,0.6857744324207815,0.8749586850050652,0.9600683247876812,0.9917147535517788,0.998699647194969,0.9998768776671375,1024,0.40323961487371035,0.6292357027845652,0.853856417130685,0.9516825700453799,0.9892479812886011,0.9983322593074253,0.9998445282669121,1024,0.35953808211631755,0.5377319135696919,0.7220936632636196,0.8994869805673937,0.9742471474358937,0.9953153435123752,0.9995623518947622,1024,0.3065090813828745,0.5128345680622848,0.6740048056176287,0.8483426883372472,0.9556215453410086,0.9915907006817914,0.9992164408013873,1024,0.9838886186221367,0.9710364056625886,0.9609058123915555,0.9904451152490771,0.9797537487354409,0.9861508106394073,0.9069620368937465,0.9070041719794675,0.9404296990430289,0.8567323313049588,0.9563104394656058,0.9225925799304898
291402,7,True,1024,4,4,4.000000000000001,0.6624957037503529,0.9034863452702726,0.9834967179284736,0.5493912488445533,0.03688099158114444,0.0029668897963036067,0.01979339820761182,0.11064449932901477,0.8024688177409119,0.5601484702068376,0.8468805603423963,0.965766475595445,0.7937367883826316,0.553055986215886,0.8409782827255778,0.9698739283893769,0.601763797113955,0.23227061838160126,0.5066911077783904,1.021433964048885,0.8737311035480282,0.7073240991701141,0.9099574495189002,0.9802114989371757,1.353841274592478,0.6415096104622445,0.9839051047619678,2.6179833465821676,0.19753118225908833,0.03423352440455479,0.15311943965760444,0.4398515297931624,3.4570954047167985,1.1083237189053816,3.015171614545146,6.413284764353772,0.31336781235851685,True,0.5594794789076724,0.6955935623381618,0.8639564615886766,0.9569133780230511,0.9912533884360165,0.9987165603669801,0.9998789706440033,1024,0.4181791797823223,0.6372471828483911,0.8384295542040938,0.9403441506331852,0.9879908619199771,0.9982054537214284,0.9998318285247082,1024,0.3227976420382783,0.4927114562832408,0.7044041545515972,0.8968543384277445,0.9733949571470296,0.9954272101235533,0.9995384366977776,1024,0.29262610144217516,0.44906556706200307,0.6543535535389329,0.8444855645603222,0.9527912313732253,0.9911779647506584,0.9991225840362347,1024,0.9843017724546366,0.9707729490062047,0.9278645855547754,0.9870520724914356,0.9480983370202188,0.9845681077800655,0.9205727538165016,0.9245940142269594,0.9381164321512441,0.9344693632299593,0.975800934968448,0.9647600450343059
291402,8,True,1024,4,4,4.000000000000002,0.6555321142512552,0.9013198286076697,0.9854080308289912,0.5478962251683459,0.028815045966096645,0.0018912090929746838,0.013988474057965283,0.08584769783755221,0.7981154023494228,0.5520208652600483,0.8452829031413195,0.9668605630885694,0.8034537627309031,0.558981081389405,0.861768020067061,0.9700271120916818,0.5717651323463668,0.23459642721785134,0.5118138507663655,0.860411880158733,0.8722643006510047,0.7040981562056251,0.9085903620907354,0.9797296538261943,1.0935729834098682,0.5902984789419825,0.9198377790351265,2.0336999591638847,0.20188459765057742,0.03313943691143078,0.1547170968586804,0.447979134739952,3.257316456802001,1.0046028462150318,2.6207326495772265,6.4178468309630965,0.3419569163395971,True,0.5683781604571579,0.7078062049834273,0.8595500757784333,0.9561936378204661,0.9915853323190255,0.9987654228578252,0.9998798120534266,1024,0.403056944620452,0.6238704928642284,0.8213141216256705,0.9361729325838264,0.9864728089382936,0.9980637413171489,0.9998097631856986,1024,0.32769596124580136,0.5137668309261818,0.7370555142707895,0.9082731992552207,0.9758418239607907,0.9958161326325925,0.9995862216046748,1024,0.29035219549386715,0.46222245055784583,0.6505094653524136,0.8423111056842445,0.9524640329180679,0.9905516212188947,0.9990310946220761,1024,0.9899220784860947,0.9599918367849478,0.9607637454418243,0.9754874415882212,0.976519527466139,0.9353950903954849,0.9584783633217526,0.8592699989104997,0.9172358809083099,0.9404415260926224,0.9653547570311718,0.9692486077338078
291402,9,False,1024,4,4,3.9999999999999973,0.6490191688968797,0.903632843863895,0.9864612689826392,0.5487676286692916,0.02607402878211916,0.0019178760600870098,0.012746297350594914,0.07587675186576212,0.7970110088541299,0.5419620886176438,0.8442795804263196,0.9700792811493814,0.8239120822535572,0.5727688730914751,0.8809736540685986,0.973397653048284,0.519074165529267,0.21508084130372426,0.4999016392915025,0.7775649882064618,0.8727201926341359,0.7017111051970775,0.9084971169501789,0.9811244628387005,0.8611525918805712,0.5333018015270571,0.8108603081129244,1.163250370366085,0.20298899114587024,0.029920718850618533,0.15572041957368046,0.4580379113823568,3.0327209555614525,0.8897681573896014,2.4310908145905605,6.36341647588012,0.37043315344107675,True,0.5474296190513538,0.6997081041063175,0.8605994169359962,0.9554897700350925,0.9916072559873631,0.9987409202241377,0.9998813484994012,1024,0.38069562543094826,0.6082475787778001,0.8142102399179764,0.9337224868532514,0.9853100076259648,0.9978654694352009,0.9997908228879868,1024,0.37678787565354394,0.5720215045841766,0.7614415624813211,0.919622123134533,0.9791687647968309,0.9963431487118859,0.9996419520192062,1024,0.2961557006850091,0.4722965601994541,0.6605258273174467,0.8429886209842029,0.9531543696513889,0.9901499273798883,0.9989720633525073,1024,0.9907843383679983,0.9573389095323797,0.9355490529595416,0.9767385575830474,0.9818173104096175,0.9237962855172153,0.9604267061905342,0.8667311629840453,0.9270259350098505,0.9289979062169336,0.8904363442537397,0.9664553714017758
291402,10,False,1024,4,4,3.9999999999999982,0.6475838177009003,0.9093682652947044,0.9872316400191846,0.5531772807656373,0.025290229562918924,0.001908076742607551,0.01157104736096682,0.06835400803143452,0.8022914631602198,0.5420765901981993,0.8557639734509475,0.9724384741997454,0.8390573291724526,0.6092920412112963,0.8950744038152529,0.9757057136795142,0.48300294225255014,0.20786003654825497,0.45581286184395464,0.7564952488717503,0.8763443512071669,0.7066215783211501,0.9163589106792643,0.9838326485811754,0.7510689723797905,0.4690378637591302,0.7331054370049024,1.0079249076439853,0.19770853683978037,0.027561525800252992,0.1442360265490535,0.4579234098018004,2.835791403807834,0.8440652737920907,2.198255057962558,6.174929908958361,0.38096516449349876,True,0.511121231430326,0.6810034531954277,0.8587024322181229,0.9547434066883189,0.9913282829935437,0.9987208728495274,0.9998806068480541,1024,0.36746770539875356,0.6022154594472809,0.8123486261581011,0.9325466465028295,0.9850161630567582,0.9977418385676202,0.9997813961225251,1024,0.3868080524859288,0.6006951805855136,0.7807410477111657,0.9257565404774606,0.9807867192600765,0.9965996340722779,0.9996753805030245,1024,0.3010569784450261,0.4725340462861678,0.6644464484158051,0.8479972661597694,0.9520334785282931,0.9896960106391206,0.9989183430391855,1024,0.9919372353651462,0.9685952407897469,0.9495889485795399,0.9760458615884482,0.9833686627225219,0.9486921156735525,0.9549495532814068,0.9499923433579955,0.92182483260779,0.8670984772374964,0.9588048044181976,0.9366861515476335
291402,11,False,1024,4,4,4.0,0.648558973039088,0.9141809369581546,0.9879386753744197,0.5602335606682991,0.024979709254972976,0.0020721376053666174,0.0129682822657354,0.06383565260864306,0.8116358555471325,0.5518282367117584,0.8679350067247236,0.9753451101476999,0.8493840794868635,0.6278948451803044,0.9018571867468237,0.9775748024971015,0.45978374741942474,0.19382204912664963,0.42118048262250485,0.7469676542425601,0.8821567403578691,0.7187946732422951,0.9214898834902536,0.9849877703611999,0.7054332406250408,0.4204935733904774,0.6894152674141614,0.9669401043911379,0.1883641444528677,0.024654889852300455,0.1320649932752765,0.4481717632882416,2.6833239822630817,0.7911690936444851,2.1358397919986625,5.622533583960371,0.3735826510535802,True,0.47315385353415124,0.6612851231941683,0.8559043936019963,0.9546408215171721,0.9910421063320954,0.9987105871608192,0.9998814682516527,1024,0.36175453714617267,0.602716922942372,0.814200610108706,0.9332987994108799,0.984949459022469,0.9977188467839971,0.9997834446659633,1024,0.3590944513549839,0.6042075709716014,0.7887397580043195,0.9255997818964109,0.9811024432910542,0.9967771860848539,0.9996944511944115,1024,0.3025447795744242,0.47377106065277624,0.6612448127900656,0.8438973253614082,0.9508744940369269,0.9896316723569422,0.9988712963814276,1024,0.992277583905175,0.973824543511058,0.9508658871377996,0.9737521572112634,0.9847906256628409,0.9573692961710669,0.9678861592909827,0.8562511793405724,0.942459910456001,0.8439232334388904,0.9184487543871627,0.9562750862947178
291402,12,False,1024,4,4,3.9999999999999996,0.6502214739278034,0.9174904311352697,0.9884764015821055,0.5669893700973092,0.024771018995116776,0.0023089513581971526,0.014016769877885624,0.06097695985371912,0.8210113700664226,0.5645107604853532,0.8778041738360578,0.9776237282497362,0.8570123576854521,0.6392773033189938,0.9101506953785903,0.9790577263492604,0.44387454882211946,0.18592736529232548,0.4054444915136095,0.7389827309753664,0.8878122499299108,0.7231550156587416,0.9278663789752747,0.9863629108671785,0.6831926369083743,0.3879761471943767,0.6648342060424091,0.9596512703178437,0.1789886299335775,0.022376271750263035,0.12219582616394313,0.4354892395146473,2.5688858792885747,0.7620423734786603,2.061538799315799,5.347889700195952,0.3604571691795388,True,0.4407302509330691,0.6453998616571692,0.8541775745239011,0.954903446632984,0.9910465644738093,0.9987211901688866,0.9998853659770096,1024,0.36017097204371284,0.6061704940921053,0.8175073435185239,0.9349243651020848,0.9850595831166385,0.9977801733919726,0.999792256169279,1024,0.3247190659680116,0.6031158737446096,0.795579852156857,0.925952992613112,0.9813374842279672,0.9968584666809981,0.9997099564835209,1024,0.3018412159749235,0.4729266671212574,0.6610815167564051,0.8396153371535376,0.9504702032841276,0.9895707014183242,0.9988480183139661,1024,0.9924544191170893,0.9772236166692856,0.9636898548350237,0.972020933993943,0.9829366196445833,0.9579715717751571,0.9837487805572449,0.8840444285577214,0.9512909710049212,0.9488657157248388,0.8677816598550816,0.9520238585362241
291403,0,True,1024,4,4,3.999999999999985,1.0000000000000053,1.0000000000000118,1.0000000000000155,0.9999999999999959,0.9999999916185434,0.9999999814614075,0.9999999937873632,0.9999999975103668,0.9999999999999867,0.9999999999999704,0.9999999999999934,0.9999999999999988,0.9999999999999862,0.99999999999997,0.9999999999999932,0.9999999999999983,0.0,0.0,0.0,0.0,1.0,0.9999999999999999,1.0,1.0000000000000002,1.0,1.0,1.0,1.0,1.4027724361548025e-14,2.053326398066842e-15,7.046843800805953e-15,3.0226680020015104e-14,3.0302937505496397,1.228851528318629,2.6356851153704217,5.665016584693564,4.632264323527402e-15,False,0.5121997115347103,0.8527980511541651,0.9999999999999954,0.9999999999999968,0.9999999999999984,0.9999999999999999,0.9999999999999999,1024,0.41924742989912106,0.8176019586299063,0.999999999999986,0.9999999999999912,0.9999999999999963,1.0,1.0,1024,0.08158287333691824,0.16042597899795202,0.29991681824161975,0.5116884843945556,0.7919600798040167,0.9999999999999825,0.9999999999999825,1024,0.0,0.0,0.0,0.0,0.0,0.0,0.0,0,0.9999999999999989,,,0.9999999999999984,,,,,,,,
291403,1,True,1024,4,4,3.9999999999999996,0.6845400409235415,0.8891973871840096,0.9870220902859885,0.5907789262345463,0.13985177786820902,0.06696614230970674,0.13701125569699182,0.22440101950519586,0.8613815598602967,0.6871905369254939,0.9024006420139182,0.9799427560956392,0.8994297790833397,0.7837641056883454,0.9286198066034466,0.9812369674022874,0.3683687420566907,0.15449923355277506,0.33601207446959613,0.605853488723506,0.9171142877323073,0.8111855246749808,0.9461405636215736,0.988699731434405,0.6630634603580272,0.49025710504565617,0.6805453509263061,0.7869912515683855,0.13861844013970331,0.020057243904360467,0.09759935798608255,0.31280946307450513,2.219024502441825,0.7853204403918588,1.8847152873479787,4.436280378521267,0.24829418714508508,True,0.31516124756915226,0.5762861009812228,0.7793596136596714,0.9063981435013256,0.9844920010178676,0.9970695072319514,0.999648677380844,1024,0.2962421322242784,0.5632596792666744,0.7573021081685684,0.9047294141140525,0.9780407576034218,0.9955889801576311,0.99950559508735,1024,0.3165359753340964,0.4578429450364435,0.6455675006745348,0.8508724210118283,0.9617377906241216,0.9931075009592558,0.999224606298966,1024,0.2774420705135332,0.4131862003036692,0.6153058165725737,0.8031106621266177,0.9280979366907878,0.9835206332351765,0.9979464034960975,1024,0.9730794177244602,0.9035559151638349,0.958359705651302,0.9602146487125189,0.9414279282020543,0.9746263307147179,0.7371230381676231,0.9172952005021994,0.908033679311099,0.9605315442016139,0.94969222130103,0.9246478503292914
291403,2,True,1024,4,4,4.000000000000002,0.6820100446689726,0.8892762198140804,0.9860970848715646,0.5761498391686752,0.13633573665764903,0.042214396085173286,0.13478937531649426,0.22000240762803144,0.8607530160151131,0.6977645782655071,0.9014081264366226,0.9770560139914812,0.8962071769500214,0.7913746926658602,0.9262545440645654,0.9789312480240466,0.39013168132004794,0.1666525743646855,0.3505548681519862,0.6205137596524047,0.9159231120415733,0.8145383524795863,0.9447702927414368,0.9873858393188015,0.6653471596053571,0.4829407300111184,0.6494611094318947,0.863085458080681,0.139246983984887,0.022943986008518026,0.09859187356337581,0.3022354217344934,2.192592593921842,0.7936884868877329,1.947784856425351,4.314005243404865,0.24452119353147117,True,0.32646579120853103,0.581637429802152,0.7911076160971522,0.9092204833934359,0.9855006451694419,0.9973486975165878,0.999696954471295,1024,0.30448843023972616,0.5664786703452237,0.7794401490095485,0.9100641458082772,0.9797097094376668,0.996167035766909,0.9995697139168603,1024,0.30438542231738286,0.44062867925575433,0.6514295514860017,0.8451438196027442,0.959564345982119,0.9933185223662805,0.999244169592761,1024,0.2731413766122794,0.4123871975803939,0.6058981551142453,0.8096691401418408,0.9368346894447898,0.9856393364616539,0.998217486211689,1024,0.9712466840466377,0.9566554218266018,0.9830907951652563,0.9884558242254161,0.983369230526877,0.9745025619726844,0.8526056527089463,0.9353665839078914,0.8968573433903841,0.9389572442491199,0.9540073189888821,0.9214542357701156
291403,3,True,1024,4,4,4.000000000000001,0.6710936407752998,0.8879595953848316,0.9866048814647255,0.565392399113412,0.1287847965312222,0.017896058248462188,0.12610573995045216,0.22642160912444004,0.857322417222713,0.689076524426168,0.9013610547067228,0.9789365062748171,0.8994472725889759,0.7875005691320098,0.9285640392440946,0.9798458003318216,0.40021387767054634,0.16152963615634325,0.35856103305305687,0.6357639398972297,0.9123798939958327,0.801687829880659,0.9444620767724976,0.9881363145725102,0.6446330332111718,0.4707863331198039,0.6346516437778338,0.8019818877417959,0.1426775827772872,0.02106349372518349,0.09863894529327766,0.3109234755738317,2.220865709576239,0.7486974277035549,1.8837778791026185,4.479961158015865,0.26083467219780615,True,0.3155430322951363,0.5551009517832545,0.7839320920602533,0.9101443106816599,0.985432554499652,0.9975606921476792,0.999707098347788,1024,0.28127422559402543,0.5330785595231144,0.7694024315999154,0.9059486702223204,0.9797621732155155,0.9962062882692038,0.999571396278893,1024,0.27589013469923174,0.48679789467011303,0.6738760478347547,0.8548283655179818,0.9637870084503619,0.99344662339057,0.9992880580675998,1024,0.2763268181572774,0.44885960663157853,0.6328008056669624,0.8057469229385761,0.9364065997575705,0.9853582402509125,0.9981848548149204,1024,0.9718110380807777,0.90076937005626,0.9650288978660826,0.989658312858938,0.9739819086852146,0.9822326990851948,0.917784880143793,0.9553951074066529,0.9021263440914213,0.9665203221997669,0.9270498317632534,0.9500433152827987
291403,4,True,1024,4,4,4.000000000000001,0.6618488446280066,0.8886838766949929,0.985998278714395,0.5503054131342351,0.1282733226216158,0.01437151990432686,0.12982335854198623,0.23162298961451647,0.8498642418268968,0.6726581069979076,0.8961800365459305,0.9771136310771419,0.9002103388986554,0.7844323044932443,0.9318052989474186,0.9798514400131878,0.41346529609501603,0.17275614495566888,0.3889528362071224,0.6679560114057046,0.9027922893769782,0.7682222139351428,0.9363415542253561,0.9867264259763274,0.6418605454643159,0.458403499572566,0.6257169135893947,0.8158293382746292,0.15013575817310337,0.022886368922858637,0.10381996345406916,0.3273418930020921,2.379935704573314,0.7209345944484016,1.8535227234456604,4.658957161148646,0.28824689095647654,True,0.33127575915552837,0.5630032448069112,0.805063946233794,0.9208721115813405,0.9870357913437943,0.9977691780668146,0.9997307489240951,1024,0.2571511750205751,0.4902261040118955,0.7587360038257012,0.9036606420580884,0.9799602355333468,0.9961463982581135,0.9995678768309184,1024,0.35961684674202327,0.5469860090118657,0.7190785218469047,0.8683950316413553,0.9657649578185012,0.9938510980480694,0.9993287218245135,1024,0.28113105737936217,0.47255294182385754,0.6554047754879937,0.8174736434220913,0.934735931486463,0.9851383814239968,0.9981228866653231,1024,0.9787098951733423,0.9204004205481235,0.978516683250917,0.9925815022532228,0.9534209374495106,0.9451611276950874,0.8339316442891397,0.938180890424283,0.915293008125862,0.9875435016317382,0.9177803572409471,0.9421622785640084
291403,5,True,1024,4,4,4.0,0.6554320919126415,0.8928602673169305,0.9857643951449422,0.5427933484936087,0.13933043779585252,0.03042306644771959,0.13586274264050477,0.23561805987524545,0.8464360558387364,0.6764794072769239,0.88679475243963,0.9761591214692393,0.8806895608219105,0.7323715884193948,0.9295095060923287,0.9802069113151161,0.44167279359158607,0.19381807909109672,0.42779900919882663,0.6970405524192045,0.8924424684981037,0.7750834468361392,0.923665005404013,0.9850264755506071,0.7264664707239941,0.45831503627605147,0.6374294785820186,1.0414403370086287,0.15356394416126368,0.023840878530759932,0.11320524756037062,0.32352059272307615,2.695939545170182,0.7257985020042176,1.944079115071795,5.33581109224205,0.2858400301652989,True,0.48805153054781075,0.6547620972547262,0.8424272005499384,0.9363470549954087,0.9888478999735011,0.9980559525085204,0.9997696028412149,1024,0.2678992004417726,0.48247609948253756,0.7653186445388547,0.9105607060434728,0.9811493440807344,0.9963178462490221,0.999593100359969,1024,0.41943701632127334,0.5628274685224174,0.741522323378239,0.8792803405455436,0.967148673424941,0.9938708019059401,0.9993453254377432,1024,0.2831571225036181,0.4826870151390319,0.6612047428928548,0.823050988607618,0.9341522298174354,0.9849529982801414,0.9980996666093588,1024,0.9830392794474352,0.9524965189008118,0.98805263279983,0.9870205626449342,0.9841567143964229,0.9558115958212006,0.8962674982795885,0.9403483659118604,0.9077555851750294,0.9874709795518555,0.9659772163430399,0.9300668072440451
291403,6,True,1024,4,4,4.000000000000002,0.6533971255683676,0.8979052599517967,0.9841906544414301,0.5481080884989163,0.1573195853031254,0.06046844988717447,0.15557322156334824,0.24463297632326814,0.8437029990307499,0.6749658015160579,0.8877745413515302,0.9762246554923659,0.8459011676207644,0.5549763432414434,0.9276043303803363,0.9808007236113518,0.5402735734764874,0.1965055769583006,0.4455473482408344,0.937907706020298,0.8860963379833249,0.7727322278309398,0.9273062475543041,0.9845399005914138,1.02318146304474,0.46561756144743316,0.7152921626149199,2.020010783359816,0.15629700096925014,0.023775344507636735,0.11222545864846946,0.3250341984839427,2.986396201314456,0.7725948590010163,2.2757228311641278,6.000561252276858,0.26136511667028806,True,0.5287334430855933,0.6706957303687668,0.8378374229076354,0.9387416257733195,0.9880222263537786,0.9981057602554027,0.9997685365981968,1024,0.33777322730030346,0.5532930195027758,0.7804525267505176,0.9167602511484968,0.9809288285348081,0.9966470820985354,0.9996282696389326,1024,0.31713304276340953,0.48274573635977813,0.6998477981305241,0.8573891520964975,0.9607093013002878,0.9926267791882294,0.9992045879192237,1024,0.28192876325197397,0.466358559015181,0.6299246871333635,0.8075162637111569,0.9306832797754303,0.9838986511360832,0.998116425457906,1024,0.9657078785573733,0.9763483007175477,0.9730651579688228,0.9644020063384192,0.9850380968888054,0.9704378572197832,0.9443736298297158,0.9450324862186223,0.9172266315879095,0.9719176783250818,0.94951023997027,0.9301120040621325
291403,7,True,1024,4,4,4.0,0.6429059989302486,0.8860279479651443,0.9805794056886274,0.5464066712464114,0.1574928472632457,0.04965941205983315,0.1561996354516158,0.24657444227038303,0.827960379731689,0.6360789159212508,0.8687306491058258,0.9757478600662379,0.8230831671331266,0.4932632747935333,0.9101757403333972,0.9806299447310622,0.6371808686929283,0.20432989089788847,0.49164534530919834,1.2829291849446731,0.8759061556141854,0.7371301282313598,0.9163285018877296,0.985200804945112,1.246846397290202,0.47734185195208706,0.7363622925949869,2.918987864229023,0.1720396202683112,0.024252139933762417,0.1312693508941737,0.36392108407874874,3.1079161809838034,0.7941038052985219,2.552822974085226,6.183494243463287,0.2795599544349637,True,0.5387446126074044,0.6707075147832423,0.8378600273964083,0.9369072475975743,0.9878773744627245,0.9980183443319905,0.999762762549146,1024,0.36354033883715536,0.576903463460621,0.7791756264900722,0.9112228943847731,0.9803363471232447,0.9963492393571971,0.9996086601876594,1024,0.2677126412344938,0.44576844330806276,0.6778984520141697,0.8634877808472161,0.9593578739721673,0.9919955415945189,0.9990853123149327,1024,0.2826431945863319,0.41155181344482167,0.6064413314481015,0.791337263708976,0.9233008683015912,0.9825478855093588,0.9978329924633228,1024,0.9802312850294344,0.9711051734279781,0.9388899633075605,0.9445308346779697,0.9598739527275384,0.9870822816452671,0.7622467324089085,0.9609315501454284,0.9363443945819043,0.9711804722667813,0.9416632366850283,0.9299163334753178
291403,8,True,1024,4,4,3.9999999999999987,0.6218484483404232,0.869623327959876,0.9804432373724753,0.5426962617897374,0.13596056329498946,0.02886558512970501,0.1280313469576091,0.23881929431044613,0.8022439869949745,0.5611657321905559,0.8473270990381186,0.9738278456714275,0.8361094672942917,0.5731381001318447,0.903018031987479,0.9787972730078377,0.6071326008279596,0.21405436566195277,0.5240983511779272,1.0260124664672041,0.8584272175664032,0.6479402760022596,0.9037985661492309,0.9839481475100589,1.0236058458814268,0.47036131040029366,0.6849488872590149,2.154777388979895,0.19775601300502565,0.026172154328573883,0.1526729009618814,0.4388342678094446,2.9685698114999868,0.7497831774225232,2.2834494861994963,6.241701103909779,0.36713121014152345,True,0.5366187465491694,0.6713313016655753,0.8405871064378936,0.9360068518548084,0.9881727717618204,0.9979638849484308,0.9997633406647198,1024,0.3230521041797311,0.5381757616812424,0.7561809870107421,0.9070238809590787,0.9782962475991269,0.995944432919499,0.9995532813856258,1024,0.4649657395261749,0.5836151548547414,0.7552729286347772,0.8921896633847008,0.9669943616308829,0.9931112216603355,0.9992333395505245,1024,0.28303198162674176,0.4344768142993411,0.6041910816561152,0.7847072641697355,0.9177007296378112,0.9798601962332278,0.997550253544166,1024,0.9850963702329717,0.977129266857696,0.9757330915987443,0.9854815863655333,0.9783183124082251,0.947012870202074,0.8416252421525475,0.8696387148563995,0.9226357069712918,0.9634497763175157,0.9002549036086411,0.9253946781833466
291403,9,False,1024,4,4,3.9999999999999987,0.6162477973757812,0.8700082037374497,0.9817553026179096,0.5284717775261394,0.12167538230131736,0.020333294779000984,0.1155824642693424,0.23278510342077097,0.8043992577269288,0.5145210398668543,0.8555141477012513,0.9750610296816477,0.8577088871769958,0.667152357865619,0.9114363132772325,0.979648619903092,0.5098577855238473,0.19985506104572123,0.4738318436380906,0.8629926898226525,0.8623779375545472,0.6385420528422463,0.9096835979122361,0.9844617514271569,0.7505990377423428,0.4416595602627851,0.6165685084175033,1.1498819313616013,0.19560074227307128,0.024938970318352464,0.14448585229874922,0.48547896013314623,2.7494879581737237,0.7045902274827504,2.0390914749769316,5.608911626076536,0.4180691612211707,True,0.5069432350941868,0.6567168913615455,0.8388897898055849,0.9348473376977766,0.9877867899586172,0.9979466441314159,0.999766215359862,1024,0.2967527282165769,0.5146204131143133,0.7375428187762474,0.9013825124521672,0.9765860204154418,0.9957713132848256,0.9995364928717418,1024,0.5485201586815942,0.6560445443944892,0.8062413374012256,0.9044261856006502,0.9716035489011632,0.9944170667952557,0.9993401498279139,1024,0.27928944300372616,0.4294879244501425,0.6166479598307159,0.7902304582715634,0.9222352095299751,0.9798136448313428,0.9974903360292472,1024,0.9843985216239309,0.9730566311120165,0.9738126766533115,0.8280296058304503,0.9754477068053119,0.9592785649009472,0.9573592155517636,0.938979083101777,0.9047034724355278,0.9521585611044674,0.9591105653509218,0.9378706918957709
291403,10,False,1024,4,4,4.0,0.6228629270535359,0.8772104764843908,0.9838930234262758,0.5239962749406875,0.11720054951833171,0.02098537664538341,0.10781890275240921,0.2291454837401206,0.8277877380692162,0.6028400833445432,0.8910970999658807,0.9780566174781631,0.8699498527144314,0.6908458317234819,0.926336446066024,0.9813756189151136,0.44150081458961316,0.1804884131786078,0.4247020755378406,0.7264017062059505,0.8833594625962605,0.7398056713118761,0.9317027619690237,0.9870062091488156,0.6604492381926603,0.4201672119419722,0.6015116286065698,1.0027631280379596,0.17221226193078393,0.021943382521837206,0.10890290003411937,0.39715991665545725,2.6012975356150987,0.6714695085476156,1.8765607878948285,5.324825011627236,0.3916388251838705,True,0.4752154311154001,0.6415601210492964,0.836161300536852,0.9329140707485271,0.9875817612001735,0.997963133747969,0.9997743107030427,1024,0.2958299077480704,0.518458385674034,0.741855222372821,0.9013415670766458,0.9767602953196369,0.9958538937336462,0.9995705009375023,1024,0.5381000116085323,0.653524319898616,0.8123366107988652,0.9089046265501859,0.9709134915523331,0.9947715705990877,0.9993966209700641,1024,0.276426197038478,0.4165260809564369,0.60897972634848,0.798989743974244,0.9222671603464438,0.9803689967446351,0.9974784204635663,1024,0.9828224098067943,0.9564420659129229,0.97357398227282,0.9234166529753265,0.9699163613742151,0.9394671033935087,0.9529925094430065,0.8590843467376628,0.9005608888162956,0.9450574158481012,0.9742265079195478,0.9538077707944868
291403,11,False,1024,4,4,4.000000000000001,0.630573829217713,0.8827076924421458,0.9855145885555824,0.5257157868835813,0.11710370074980324,0.023320367961445133,0.10623844184924938,0.22758724075824105,0.8479570237497683,0.6652886818699617,0.9092034221683247,0.9811499402685849,0.8794548202287584,0.7287009990572041,0.9321420342185998,0.9833456129424151,0.40803197121916807,0.16986048917110377,0.38562340794162775,0.6600505597953594,0.9002458712857662,0.7761402323463104,0.9419088621204375,0.9886146625007997,0.6456785604922564,0.4021192872465734,0.5980480809942521,0.972920107117235,0.15204297625023178,0.01885005973141418,0.09079657783167516,0.3347113181300389,2.528773857346837,0.6469856822438014,1.85316165687478,5.2341553060151425,0.34447948366896347,True,0.4535020173104983,0.6323304221014355,0.8330350039729133,0.9325491352182499,0.987855699042053,0.9980173874854028,0.9997868392462521,1024,0.30266421446271397,0.5297542162876062,0.7528959072662601,0.9050302593135834,0.9785841389659509,0.996113771188607,0.9996018397800013,1024,0.4899402751716446,0.6251991547033856,0.7926241633160126,0.9053206883009148,0.9705617049582984,0.9946729868662407,0.9994062734253739,1024,0.2746891147998156,0.4144775007923281,0.6054394569412059,0.7979677587747535,0.9227048262828247,0.9808022316436831,0.9975320991371287,1024,0.9809919675040808,0.8815621234954887,0.9483407938578243,0.9594206107091503,0.9569549290152961,0.9770905859498659,0.9446215493941145,0.8559453214315322,0.9383476619337675,0.9388323387545823,0.9749875613179682,0.9106765823087047
291403,12,False,1024,4,4,3.9999999999999996,0.6360217867298653,0.8856527491409603,0.9864306087907994,0.5269458806040103,0.11725755472776277,0.02609745000893232,0.10633657526162542,0.225661072359099,0.8609963736076016,0.6904776006374177,0.9173971808914736,0.9830490625885889,0.8861734234220948,0.7415411907023834,0.9372505218811766,0.9845332387179971,0.3920866327260995,0.16131120249309497,0.3721988522932605,0.6325995779121085,0.9094110599846553,0.7913487335626077,0.9466408290118857,0.989991069187105,0.6463469411268464,0.3928801278011012,0.599435734313675,0.9816493462167537,0.13900362639239866,0.016950937411413212,0.08260281910852571,0.3095223993625817,2.4939837173232493,0.6263169633621468,1.8418900932634876,5.185522536867136,0.3074877134119158,True,0.44055234521255,0.6283497991228193,0.8306619555966623,0.9335429287341431,0.9883523054487576,0.9981074008600661,0.9997964795828176,1024,0.30915190512664203,0.5390830550945012,0.7612530034190628,0.9088169344892502,0.9802211544915461,0.9964237186727137,0.9996338906608346,1024,0.44681525354311474,0.6004792139646867,0.7740113710751494,0.90206656867995,0.9697642178933775,0.9946237871535941,0.9994014799350859,1024,0.27354753273708154,0.41764085415408525,0.611981557237022,0.7987116934665237,0.9258187390737805,0.9814513481088551,0.9976541180679924,1024,0.9789876627806269,0.884772147291979,0.9317570786055396,0.9661333699385362,0.9428460019260353,0.9790105103334457,0.9394510191130845,0.8800363071074431,0.932742123117168,0.944290750493483,0.9707532199309867,0.9519069705464422
291404,0,True,1024,4,4,3.9999999999999747,1.0000000000000053,1.000000000000012,1.0000000000000149,0.9999999999999978,1.0000000093696952,0.999999994896577,1.0000000094896926,1.0000000265534201,0.9999999999999456,0.9999999999998773,0.9999999999999726,0.9999999999999953,0.9999999999999454,0.999999999999877,0.9999999999999724,0.9999999999999951,0.0,0.0,0.0,0.0,1.0,0.9999999999999999,1.0,1.0000000000000002,1.0,1.0,1.0,1.0,5.4770858411617794e-14,5.001625818619293e-15,2.7762309972799647e-14,1.2330353578738082e-13,2.1643117083647,0.8204117470150333,1.6752295544999454,4.089756965536707,1.4175667398379632e-14,False,0.5380119623175798,0.7937324165709808,0.9999999999999859,0.999999999999989,0.9999999999999939,1.0,1.0,1024,0.4174487572924838,0.6558697600103446,0.9999999999999454,0.9999999999999601,0.9999999999999798,0.9999999999999998,0.9999999999999998,1024,0.05791729297584161,0.11335771338093409,0.21886854161393604,0.4094617767768771,0.7151203109349304,0.9999999999999897,0.9999999999999897,1024,0.0,0.0,0.0,0.0,0.0,0.0,0.0,0,0.9999999999999996,,,0.9999999999999991,,,,,,,,
291404,1,True,1024,4,4,4.0,0.6225538680443297,0.8714245045070166,0.9821510712978591,0.545903959940429,0.009947102479420636,0.0022293550284890095,0.008107638996339884,0.017769185947404655,0.9328800162029296,0.8018397286648292,0.9736936732710577,0.9951861554416935,0.9454966097199846,0.8379945053569996,0.9769448844483042,0.9952041050107854,0.2505889959183194,0.08072604030544298,0.1963833396942195,0.5013206463609301,0.960292333486889,0.8868980948089138,0.984202759787425,0.9972081356005957,0.42279275095423174,0.284511999804189,0.39838244757499,0.632414179524676,0.06711998379707045,0.004813844558305309,0.02630632672894229,0.19816027133517047,1.0519213538975074,0.30547680978838576,0.7360353484291449,2.3158722027081655,0.21163266583375004,True,0.463164207925698,0.6335746294998197,0.8070791859600436,0.9397885230326334,0.986097515384489,0.997907878913556,0.9997790840305751,1024,0.27410774202436033,0.4439747283795913,0.6795608014021589,0.8968266311642233,0.9759970923935211,0.9957752371734923,0.9995911890264431,1024,0.541404181718978,0.6907192387946658,0.8396920361790514,0.945248665053445,0.9853386765828087,0.9971399073327142,0.9997158038827455,1024,0.24728256559755943,0.37087092307870284,0.5477979470822476,0.7396605795877338,0.9057229462516954,0.9784729541920336,0.9977772315598384,1024,0.967201736736587,0.9798551768356596,0.9550652677333171,0.9658168136041227,0.9163759082625701,0.9702435117691083,0.9394142214309302,0.9557714434649853,0.929674138836875,0.7577186717955449,0.9454904244394973,0.9742466210996327
291404,2,True,1024,4,4,4.000000000000002,0.6196887229474692,0.8771453376854694,0.9837272586694192,0.52893094921304,0.011576342671769574,0.0019177386869214542,0.008739779283552785,0.02317488009328264,0.938105027677625,0.8216453855009792,0.9779792102948721,0.9956197951167325,0.9463490265545467,0.8406117901438585,0.9792596401914196,0.9955701838433212,0.23679088769267315,0.0807527271286453,0.17925380367815813,0.47672555823893487,0.9634976152796684,0.8989523886154187,0.9863800044024383,0.997493164436363,0.4075637290299359,0.2499411097552875,0.37291507175284744,0.6710474913953743,0.06189497232237501,0.00438020488326814,0.02202078970512735,0.17835461449902132,0.9996858631726271,0.2883286095609476,0.6673765642377636,2.003787153953284,0.1935684679740781,True,0.5022102632846221,0.6373089986033018,0.8121816875521216,0.9447464116753354,0.987138428317376,0.9981762075134253,0.9998090104739765,1024,0.26609883420126484,0.43909087752903875,0.6890340430366855,0.904029735683464,0.9776266874922995,0.9963293066832779,0.9996419288306495,1024,0.5170700146079504,0.676048222858479,0.8324250657948271,0.9464815197103627,0.9861801030706642,0.9972234692149521,0.9997305787975378,1024,0.23191099305686794,0.36377755933086103,0.5373668368180543,0.7390843880983472,0.9086746057560701,0.9796225046284294,0.9979215738320728,1024,0.9696798503712922,0.9835256184312767,0.9609734153041811,0.9637447802973435,0.9394517181786537,0.9714156720709846,0.760392830171374,0.9570648012797218,0.9367223626645962,0.8339316494491246,0.9587693129655639,0.976579047135685
291404,3,True,1024,4,4,3.9999999999999996,0.6111053913768456,0.8766311492215999,0.9842973129862845,0.5164591268216178,0.014456982133105763,0.001539241512357492,0.009435087673538914,0.03439735349898851,0.9402508204781816,0.8205358254398042,0.9796008203147062,0.9959995913447142,0.9467698698798841,0.8381185912832408,0.9804407767718315,0.995901641187316,0.23308624319540588,0.07978393930256149,0.17267751558959885,0.49559760306417483,0.9644516826512649,0.8965765113013388,0.9872586112398334,0.997603074680651,0.4172710095923923,0.23920720956514546,0.37107455962494174,0.7430203110778661,0.05974917952181841,0.004000408655285326,0.02039917968529234,0.1794641745601961,1.0258678095354177,0.28350137161075684,0.6573914925151015,2.1611690535428725,0.18780960078302242,True,0.5327789126760007,0.653403514039421,0.8222156341000583,0.9510830707150033,0.9881602588710315,0.9983134556227605,0.9998212894901307,1024,0.25855079203376663,0.4293700550130142,0.6988410152695566,0.9088490309000852,0.9787087255555893,0.9965515423712197,0.9996535032513361,1024,0.484353956991105,0.6856029147607102,0.8498605613544905,0.9477998258282893,0.9869588588350742,0.9973208452947308,0.9997260447915791,1024,0.22605679716390772,0.36416071185124094,0.5381125875065247,0.7381490505248257,0.9097301074817671,0.9799593223130048,0.9978400384930939,1024,0.9642157847972546,0.985717142524274,0.9447298351782518,0.9727360334727311,0.9624652143661845,0.9686900752120702,0.8695348610643377,0.9382066855190153,0.9389514758636839,0.8504553820648383,0.954308226248944,0.9806602071197552
291404,4,True,1024,4,4,4.0,0.601936519328711,0.8764958005937825,0.9842614712421534,0.5083269748586294,0.019329768813516043,0.0021770459513074957,0.010380438174464702,0.05769953140931492,0.9401384303248778,0.7963735585419921,0.9796787593887237,0.9962227645775498,0.9458312345774199,0.830940186394883,0.9799954539000557,0.9962504855840385,0.23661766554629812,0.08005046210891219,0.17554791847721973,0.5114610488259954,0.9641601469097567,0.8832249925514611,0.9873104260768768,0.9977042262618052,0.44480551556779024,0.237868846278461,0.37800746390971623,0.8662785947037218,0.05986156967512233,0.003777235422450758,0.020321240611276308,0.2036264414580079,1.0984573255134187,0.28568535283281804,0.6626144014908324,2.354612224225569,0.1989934897699533,True,0.5692618587275436,0.7013529150039044,0.8406665753323254,0.957074528046829,0.9896776537480882,0.9984559048287236,0.9998434509386386,1024,0.25325446286984976,0.43452355970183737,0.710426075113267,0.9126112535149236,0.9797367633314059,0.9966525968853216,0.9996657939150003,1024,0.43709106750564036,0.7142593170197863,0.865375389956418,0.9532744561547304,0.9881914668285069,0.9976046884213562,0.9997478597349313,1024,0.22351625692258323,0.3669940134021379,0.540803625300524,0.7349167182390213,0.9090945122253288,0.9796679862327183,0.9977475764327576,1024,0.835998354132745,0.9821565844509055,0.9583794607002417,0.9776901352187961,0.9797501789043843,0.957015897999816,0.8673847917779303,0.9647883846839151,0.9445599740049594,0.9090957675637755,0.9325688433395166,0.9775103313612835
291404,5,True,1024,4,4,4.0,0.5925571026801323,0.8759092160392927,0.9839839012759166,0.5063208527707754,0.02596107253861865,0.003079938501549249,0.013279947641573885,0.07504591875606231,0.939128865189534,0.7893024438819735,0.9796111659335747,0.9966303051314609,0.9421697890498271,0.828650067231939,0.9797368831069984,0.9965496820076417,0.2486633196953273,0.0804669176096139,0.182055961856045,0.5367238496324931,0.9635842700741422,0.8803587197553837,0.9871713748243837,0.9977477836205934,0.5082300575903249,0.23990884772754212,0.391421106616478,1.0902521330882642,0.06087113481046607,0.0033696948685387946,0.02038883406642545,0.21069755611802668,1.233919991749525,0.29572378739519384,0.7178818374842174,2.4173653254089076,0.2159294716062113,True,0.6303021332845336,0.761537375335415,0.8751792879694488,0.9643950120671413,0.9911830437926419,0.9986651604354202,0.9998663430495867,1024,0.2576443696017191,0.46154519684758855,0.7250642137442096,0.9158499824966891,0.9809328574030697,0.9969043062985291,0.9996830193296704,1024,0.5096729820450568,0.7403968693662447,0.8761656093584015,0.9580807936128423,0.9900684807718131,0.9979338187706605,0.9997713953898665,1024,0.22335833577728653,0.3721484586925372,0.5482679704739992,0.7272711699037268,0.9066819515326006,0.9792880656986745,0.9976396182601921,1024,0.9363030832880916,0.9768319533154037,0.9337481133300205,0.9793429085695124,0.9894748832025287,0.9543133696452313,0.7558779324033951,0.9171477820881849,0.9238476540268061,0.9809450976078766,0.8650756921171248,0.9698934161125878
291404,6,True,1024,4,4,4.0,0.5815035950026749,0.8722107869055808,0.9833531723676378,0.5130787614224022,0.031123235984774306,0.0038520542876538965,0.017859524230996668,0.07655929183842668,0.9371228597874293,0.7699202677760814,0.980473958871717,0.9968291862643631,0.929821806410857,0.806607869145863,0.9792011367213942,0.9967902986474668,0.27500992267825863,0.08115762828379068,0.18696056553416535,0.5757804289218931,0.9621790360906408,0.8723239319254339,0.9866204667382008,0.9976971145650841,0.6326423295507069,0.24374853622008832,0.41520324602143677,1.5422912329341911,0.06287714021257101,0.003170813735637006,0.019526041128283354,0.23007973222391853,1.3988663701574833,0.3127508040176269,0.7949299185909957,3.4658863181768695,0.22082648974190425,True,0.6580192194613222,0.771105138547065,0.8853611463065463,0.9650397882624652,0.9922767159214061,0.9987143868173199,0.9998742867213867,1024,0.28125526918370786,0.49666585396332075,0.7380753302296067,0.9176454444087874,0.9822848492687806,0.9970223955641898,0.9996998688931441,1024,0.49002181662716676,0.688777404707176,0.8781577750221349,0.9577362802257164,0.9891451874130472,0.9977419501885268,0.9997585822705422,1024,0.22511941020123108,0.3809779743158971,0.5538315912353309,0.7178737954550751,0.9026041891646219,0.9785116783238745,0.9974787396134402,1024,0.954957532499266,0.928363168494335,0.9590635238357371,0.9718134057829603,0.9913563788810819,0.9667731009606524,0.9516934506972595,0.9009554192887057,0.9284870867901286,0.9822721662987219,0.8533382512343874,0.9754745277726383
291404,7,True,1024,4,4,3.9999999999999996,0.564934072521726,0.8595289776712781,0.9804272577409195,0.5198695812688293,0.030253692993678333,0.005023474180654129,0.020114136226393842,0.07042420611994456,0.9289232368305254,0.756683696431651,0.9796200131353121,0.9970813759411891,0.9206898133537311,0.7848291612373766,0.9785792971114927,0.997012893680351,0.3041711127194858,0.0786691464776015,0.1904790217447653,0.6747314138926127,0.9559646698195423,0.8620246366922882,0.9858880133017093,0.9979977493400075,0.7326407907213147,0.2427500766878464,0.44195574968304263,1.9746519649021925,0.07107676316947484,0.002918624058808108,0.02037998686468925,0.24331630356834968,1.5073127323597297,0.3203302375536569,0.8532469462217289,4.048921338050008,0.26687758980726994,True,0.6495738775723902,0.7631504421337797,0.8889485237930339,0.9666504515339047,0.9925488526612765,0.9987367144272551,0.9998744602072411,1024,0.2905408208482826,0.5068395771116576,0.7377913141970437,0.9138484946564913,0.9825708422908472,0.9969805396859679,0.999699283063872,1024,0.43945620330487906,0.6515306781823684,0.8819482846154424,0.9543048580006573,0.9885648059608264,0.997694846439336,0.999753553185102,1024,0.22871967834811377,0.36114050632657,0.5299733561841015,0.7178341232921528,0.8969967580825265,0.9768883232153391,0.997384195399018,1024,0.9564848828513128,0.9423058865161427,0.9709836720597502,0.970277230534225,0.9857880553746594,0.9711066830795797,0.9834975786344815,0.9395405989241611,0.8838068569982982,0.937899762033441,0.8683187967340095,0.9667071670896317
291404,8,True,1024,4,4,4.0,0.5480839048597425,0.8422904206522757,0.9766878881429787,0.509351492202129,0.026446263715167208,0.005858011336645588,0.020776940119925563,0.0579228618552828,0.9206172419100347,0.754855571878295,0.9762723366197785,0.9972555558930509,0.92109409077734,0.7896419635958805,0.9759122896718364,0.9971085854298811,0.3106950330956435,0.0773244119079202,0.19726683740494566,0.7080356412170592,0.9494393201712186,0.8562875894269456,0.9839331904749431,0.9979104670842499,0.6946848078289503,0.23869222478630214,0.4352631149917767,1.7329493678462575,0.07938275808996549,0.002744444106948863,0.023727663380222128,0.24514442812170603,1.503146793317243,0.31205570279707695,0.8108127048745437,3.9376943303209413,0.3417870103260067,True,0.6456942527424337,0.7553424593997519,0.8848755139030492,0.9661602957978191,0.9930282747571497,0.9988057710603068,0.9998815772251121,1024,0.27643595868812604,0.48711900889812143,0.7173340334613464,0.9093612946774229,0.9824965027878833,0.9970663673514079,0.9997034260024203,1024,0.5708027970618217,0.7303778798127829,0.8790590081338692,0.9582004223481606,0.9894544216487133,0.9979720944208745,0.9997975158234758,1024,0.22712305609863492,0.355409967008535,0.5205790430094825,0.7055124310426978,0.8911774973757197,0.9765712766672523,0.9971923650358877,1024,0.9477537967659604,0.9744858256192521,0.9609252494778382,0.9257613255523064,0.9766111765634312,0.9798259594043459,0.9495611426599975,0.8825180777720792,0.9168019313405062,0.9497517069438324,0.90152192278424,0.9699109950619669
291404,9,False,1024,4,4,4.000000000000001,0.542792690047168,0.8360252988315866,0.979076145257978,0.5056665993386374,0.02433723099347097,0.006694761482492336,0.021480193686914558,0.050158093343284076,0.9252719156700362,0.7580263343991831,0.9780654833880742,0.997416784296634,0.9267518203426823,0.7983089245218463,0.9789665074646614,0.9972412592961981,0.28571657989879296,0.07171566163922727,0.19390164290141215,0.6073832065145552,0.9525571326507863,0.8622923543455049,0.9850003334656506,0.9981188625433952,0.597006260226943,0.2315213324729556,0.41379435978943624,1.3552783249846936,0.07472808432996392,0.0025832157033657643,0.021934516611925255,0.24197366560081654,1.4351591500559324,0.2930236512794417,0.7495310207556006,3.6861595105481197,0.3475772916955574,True,0.6423516521794299,0.7448268685782352,0.8826085708368655,0.9656615007046153,0.9930809556503308,0.9989405589033356,0.9998926015493146,1024,0.270012523713878,0.47237995854457326,0.7057095328394674,0.910705788487961,0.9823366265939866,0.9972957044305452,0.9997315745942947,1024,0.5814359944065346,0.7717344863915814,0.8903083274451331,0.9580065616773075,0.989610070062715,0.9981921605327305,0.9998181283149558,1024,0.22413258968645064,0.33476641624146225,0.5188291994999389,0.7081133224342337,0.8938006413990804,0.9763232274730678,0.9972286656673242,1024,0.9129468507746827,0.9817044640346405,0.9279760690324069,0.7744229007803903,0.9871531280219863,0.9770644163087221,0.7844922844977409,0.8191891341190042,0.8820773623867065,0.9543779900469076,0.8998657173990969,0.9697577879606849
291404,10,False,1024,4,4,3.9999999999999987,0.5415903269052433,0.8326498241426519,0.9827407141846014,0.5034523484069349,0.02419002269109657,0.007020269119330374,0.021072156409163087,0.0478654008276588,0.9317386375548565,0.767561512867769,0.9805552331195373,0.9975725550364621,0.9329020328001932,0.8168955688890088,0.9812575953256856,0.9974677676469511,0.2601473360502514,0.06795182784906464,0.1878609269071185,0.58709603460897,0.9566887645601228,0.8666545701653511,0.9873445552881286,0.9982845857626402,0.532932029988411,0.22643972476686086,0.39956450647566344,1.1989939025254064,0.06826136244514355,0.0024274449635373974,0.01944476688046433,0.2324384871322314,1.3721339228884744,0.2813693634495262,0.7006724336265556,3.2316185649724645,0.350517054188004,True,0.6281302574158076,0.7420625944239077,0.8831908871668341,0.9672020503143394,0.9935763884141208,0.9990349462432028,0.999906094192171,1024,0.2708821565401811,0.46534920417268866,0.7030408984033485,0.9143769046451824,0.9835090684980111,0.9974872681384951,0.9997641952204928,1024,0.5655206782624098,0.8102088595026555,0.9097444142174558,0.9660901297177541,0.9911242137085811,0.9984631757246225,0.9998473404160286,1024,0.22323787432974326,0.3353935733864864,0.5407995771472808,0.7172889049500348,0.8978027029573824,0.9772286390168001,0.9974295614212966,1024,0.9161987497537014,0.9779102290813064,0.9532641305158013,0.7886279699405755,0.9910889929613382,0.9807808808115439,0.7858237343761862,0.8692181836699627,0.8745496590141141,0.9748167408970697,0.8490117751087745,0.9527001544505879
291404,11,False,1024,4,4,3.9999999999999996,0.5415902929596855,0.8298476660386768,0.9843609919422424,0.5003801140886333,0.02522723025540685,0.007156103781305582,0.020385075635897962,0.049744621904986075,0.9338544595155225,0.7778884180039194,0.982208964264036,0.9977278682941018,0.9373258812814959,0.8224659193937361,0.9826078046917023,0.9976214885399465,0.24578634329099205,0.06612840020010075,0.17641154285018767,0.5813317909599777,0.9581013001183403,0.8710323008517789,0.9880911020926177,0.9983647949677628,0.5042116640826807,0.22048709296909758,0.3941635775776141,1.1069207258124873,0.06614554048447759,0.00227213170589916,0.017791035735964723,0.22211158199608091,1.333856199998534,0.2764071140274059,0.6840449371547375,2.888153623008742,0.36732866343109677,True,0.6137891342733385,0.7372476687093195,0.8832920180064489,0.9698357214288063,0.993943734805664,0.9991403661605256,0.9999186759326574,1024,0.2772573955068565,0.4653508186798782,0.7017937837616062,0.9179104030486894,0.9848855165737347,0.9978028873348419,0.9997911606483433,1024,0.5440249197333921,0.8357382270510404,0.9227295362521956,0.9726235168645905,0.9928568663325346,0.9987533095816437,0.9998795622085354,1024,0.22264287591356463,0.34330974660445646,0.5505384312919569,0.7295521707215594,0.9065067681883967,0.9788661053649772,0.9976748800162503,1024,0.9261212212329133,0.9614338878111839,0.9249848495669788,0.7660627668133195,0.9900193298427754,0.980232375838381,0.7444795958617014,0.8641140730263792,0.8819199735919392,0.9762833849122565,0.8534413911613683,0.9687066493218174
291404,12,False,1024,4,4,4.0,0.5421098698941132,0.8287283957851717,0.9852741669038163,0.4985963057992667,0.026639454715300555,0.007399316968044922,0.021940966490895754,0.05372338652872385,0.9350354805329413,0.7921604765587866,0.9832718523046688,0.9978539838811544,0.9396950642938513,0.8245107891497399,0.9839939697668438,0.9977345829880494,0.23689585699693008,0.06490665683268487,0.16933781336502157,0.5767075463923729,0.959004605464554,0.8762144735006331,0.9889629043513494,0.998445244989747,0.49395298776011365,0.2143652616870442,0.39485471235415265,1.059323596164427,0.06496451946705878,0.002146016118846092,0.016728147695331173,0.20783952344121245,1.317778651509202,0.27984641449689246,0.6702349886505437,2.8236523225337,0.3770913996007424,True,0.603505529733938,0.7305348394779229,0.8825551709304036,0.9722307236690103,0.9942123092572471,0.9992207473232817,0.9999293091478287,1024,0.28566112119401454,0.4694002732995571,0.7026576055566958,0.9210078044101911,0.9857491825874831,0.9980568509471853,0.99981653160199,1024,0.519678967004245,0.8478053199117157,0.9284987428270769,0.9770897355774681,0.9937958057593622,0.9989361820837391,0.9999004415072453,1024,0.22186093143747246,0.34566610142237103,0.5542235619277399,0.7385306130110924,0.9136427293885027,0.9807760080954631,0.9979625301415931,1024,0.9585104010065084,0.9788892344694604,0.9075882541471791,0.7591067779947412,0.9889033064800044,0.9733243001288832,0.7403379996112486,0.9317470083802515,0.8707086939920712,0.9773762257382226,0.8611091687328721,0.9662417170292533
