architecture,checkpoint,stratum,band,capture,recovery,evidence_id,role
structured_GRU,291410,S1,early,0.9129935436667609,1.0450638407997583,E06,DESCRIPTIVE_ACCEPTED_TIME_BAND
structured_GRU,291410,S1,middle,0.9227215300217377,1.013365956527572,E06,DESCRIPTIVE_ACCEPTED_TIME_BAND
structured_GRU,291410,S1,late,0.9346674052032949,1.004063245749876,E06,DESCRIPTIVE_ACCEPTED_TIME_BAND
structured_GRU,291410,S2,early,0.9408458357870697,0.944984967101751,E06,DESCRIPTIVE_ACCEPTED_TIME_BAND
structured_GRU,291410,S2,middle,0.9621316575359518,0.8935470231217933,E06,DESCRIPTIVE_ACCEPTED_TIME_BAND
structured_GRU,291410,S2,late,0.8434856506724866,0.8913408438937689,E06,DESCRIPTIVE_ACCEPTED_TIME_BAND
structured_GRU,291411,S1,early,0.9157659908677882,0.9413073526541538,E06,DESCRIPTIVE_ACCEPTED_TIME_BAND
structured_GRU,291411,S1,middle,0.9228238783753899,0.9467178038866826,E06,DESCRIPTIVE_ACCEPTED_TIME_BAND
structured_GRU,291411,S1,late,0.9261893167977511,0.9501390584073216,E06,DESCRIPTIVE_ACCEPTED_TIME_BAND
structured_GRU,291411,S2,early,0.9513304540780776,0.9650253428877569,E06,DESCRIPTIVE_ACCEPTED_TIME_BAND
structured_GRU,291411,S2,middle,0.9677897981424664,0.799269134355549,E06,DESCRIPTIVE_ACCEPTED_TIME_BAND
structured_GRU,291411,S2,late,0.8196562296952623,0.9030455325490894,E06,DESCRIPTIVE_ACCEPTED_TIME_BAND
structured_GRU,291412,S1,early,0.9394856531237059,0.9794798533726632,E06,DESCRIPTIVE_ACCEPTED_TIME_BAND
structured_GRU,291412,S1,middle,0.9438717619964256,0.973307711181242,E06,DESCRIPTIVE_ACCEPTED_TIME_BAND
structured_GRU,291412,S1,late,0.9500730977649733,0.972134931288748,E06,DESCRIPTIVE_ACCEPTED_TIME_BAND
structured_GRU,291412,S2,early,0.9258229560842501,0.9279692653094311,E06,DESCRIPTIVE_ACCEPTED_TIME_BAND
structured_GRU,291412,S2,middle,0.9417732189768474,0.9050961791553345,E06,DESCRIPTIVE_ACCEPTED_TIME_BAND
structured_GRU,291412,S2,late,0.7506546662766751,0.8160001668343233,E06,DESCRIPTIVE_ACCEPTED_TIME_BAND
structured_GRU,291413,S1,early,0.9846274581546963,0.9544009942916397,E06,DESCRIPTIVE_ACCEPTED_TIME_BAND
structured_GRU,291413,S1,middle,0.9865117079056727,0.9544026028236777,E06,DESCRIPTIVE_ACCEPTED_TIME_BAND
structured_GRU,291413,S1,late,0.9883416584725766,0.9530074066989241,E06,DESCRIPTIVE_ACCEPTED_TIME_BAND
structured_GRU,291413,S2,early,0.9692400360993336,0.9532779462019574,E06,DESCRIPTIVE_ACCEPTED_TIME_BAND
structured_GRU,291413,S2,middle,0.9783350243827946,0.9525607010937629,E06,DESCRIPTIVE_ACCEPTED_TIME_BAND
structured_GRU,291413,S2,late,0.9736423507338356,0.9812284344174103,E06,DESCRIPTIVE_ACCEPTED_TIME_BAND
structured_GRU,291415,S1,early,0.907975677487692,0.7432005502787491,E06,DESCRIPTIVE_ACCEPTED_TIME_BAND
structured_GRU,291415,S1,middle,0.9246088873162527,0.7429641095660783,E06,DESCRIPTIVE_ACCEPTED_TIME_BAND
structured_GRU,291415,S1,late,0.9382645142751602,0.7505705626543624,E06,DESCRIPTIVE_ACCEPTED_TIME_BAND
structured_GRU,291415,S2,early,0.9506619264766912,0.9839658283878274,E06,DESCRIPTIVE_ACCEPTED_TIME_BAND
structured_GRU,291415,S2,middle,0.9570313362964914,0.9463416232908475,E06,DESCRIPTIVE_ACCEPTED_TIME_BAND
structured_GRU,291415,S2,late,0.8481074972890507,0.9262311161443517,E06,DESCRIPTIVE_ACCEPTED_TIME_BAND
structured_GRU,291416,S1,early,0.9479870850475586,0.9326006555179666,E06,DESCRIPTIVE_ACCEPTED_TIME_BAND
structured_GRU,291416,S1,middle,0.9463765626744973,0.9217322147797675,E06,DESCRIPTIVE_ACCEPTED_TIME_BAND
structured_GRU,291416,S1,late,0.9474600778080075,0.9226334838018548,E06,DESCRIPTIVE_ACCEPTED_TIME_BAND
structured_GRU,291416,S2,early,0.9569646377312575,0.97763734261915,E06,DESCRIPTIVE_ACCEPTED_TIME_BAND
structured_GRU,291416,S2,middle,0.9584577469280577,0.9088311620276943,E06,DESCRIPTIVE_ACCEPTED_TIME_BAND
structured_GRU,291416,S2,late,0.8885505521338556,0.9606948869614398,E06,DESCRIPTIVE_ACCEPTED_TIME_BAND
monolithic_LSTM,392001,S1,early,0.9898933798007225,0.9802147399540279,E19,DESCRIPTIVE_ACCEPTED_TIME_BAND
monolithic_LSTM,392001,S1,middle,0.9757532768825947,0.947257318713733,E19,DESCRIPTIVE_ACCEPTED_TIME_BAND
monolithic_LSTM,392001,S1,late,0.9603332193657529,0.9041793577655735,E19,DESCRIPTIVE_ACCEPTED_TIME_BAND
monolithic_LSTM,392001,S2,early,0.9950963882163908,1.0049714455561478,E19,DESCRIPTIVE_ACCEPTED_TIME_BAND
monolithic_LSTM,392001,S2,middle,0.9770622384867689,0.9780487397547155,E19,DESCRIPTIVE_ACCEPTED_TIME_BAND
monolithic_LSTM,392001,S2,late,0.8660602537766385,0.8321659349772836,E19,DESCRIPTIVE_ACCEPTED_TIME_BAND
monolithic_LSTM,392002,S1,early,0.9735564884946665,0.966226287086756,E19,DESCRIPTIVE_ACCEPTED_TIME_BAND
monolithic_LSTM,392002,S1,middle,0.9476545133624307,0.9033453353199339,E19,DESCRIPTIVE_ACCEPTED_TIME_BAND
monolithic_LSTM,392002,S1,late,0.8954910844236759,0.8088255564433355,E19,DESCRIPTIVE_ACCEPTED_TIME_BAND
monolithic_LSTM,392002,S2,early,0.9916584150003405,0.9970844490766357,E19,DESCRIPTIVE_ACCEPTED_TIME_BAND
monolithic_LSTM,392002,S2,middle,0.9586692126787247,0.9708707952788929,E19,DESCRIPTIVE_ACCEPTED_TIME_BAND
monolithic_LSTM,392002,S2,late,0.9133557608662899,0.9012229415298126,E19,DESCRIPTIVE_ACCEPTED_TIME_BAND
monolithic_LSTM,392003,S1,early,0.9967594482814569,0.9964648748430911,E19,DESCRIPTIVE_ACCEPTED_TIME_BAND
monolithic_LSTM,392003,S1,middle,0.9968026566238438,0.987235402486747,E19,DESCRIPTIVE_ACCEPTED_TIME_BAND
monolithic_LSTM,392003,S1,late,0.995915995744892,0.9773622752178523,E19,DESCRIPTIVE_ACCEPTED_TIME_BAND
monolithic_LSTM,392003,S2,early,0.9945972013824815,1.0018570683264938,E19,DESCRIPTIVE_ACCEPTED_TIME_BAND
monolithic_LSTM,392003,S2,middle,0.9766798118003277,0.9648219991122642,E19,DESCRIPTIVE_ACCEPTED_TIME_BAND
monolithic_LSTM,392003,S2,late,0.867814163533881,0.9212922609301775,E19,DESCRIPTIVE_ACCEPTED_TIME_BAND
