seed,rank,stratum,route,role,denominator,joint_pass_count,joint_coverage,M1_median,M2_median,M3_median,M4_median,M5_median,M6E_pass,M7_pass,capacity_or_registered_cell_pass,failed_gates,semantic_random_control,measurement_reuse
390991,1,S1_NO_CONTACT_WITHIN_HORIZON,A_affine,REGISTERED_AFFINE_REFERENCE,256,173,0.67578125,0.28335234437879075,0.3815395770577634,0.15988624946101476,0.05100003458692186,0.3344983095303178,True,True,False,JOINT_COVERAGE_BELOW_0.80,PREDECESSOR_PASS,PER_SEED_RANK
390991,1,S2_EDIT_AFFECTS_FUTURE_CONTACT,A_affine,REGISTERED_AFFINE_REFERENCE,256,176,0.6875,0.2799125567091265,0.39352214653192386,0.2523417806112412,0.06052316643546003,1.5353054739534855,True,True,False,JOINT_COVERAGE_BELOW_0.80,PREDECESSOR_PASS,PER_SEED_RANK
390991,1,S1_NO_CONTACT_WITHIN_HORIZON,B_oracle,PRIVILEGED_CARRIER_CAPACITY_DIAGNOSTIC,256,173,0.67578125,0.2538376519518095,0.3851397043883328,0.15156928504344372,0.07714003185002882,0.40290975011885166,True,True,False,JOINT_COVERAGE_BELOW_0.80,NOT_APPLICABLE,PER_SEED_RANK
390991,1,S2_EDIT_AFFECTS_FUTURE_CONTACT,B_oracle,PRIVILEGED_CARRIER_CAPACITY_DIAGNOSTIC,256,176,0.6875,0.2929164973970712,0.3939143344024377,0.256231336203413,0.053304487166883706,1.3303321786224842,True,True,False,JOINT_COVERAGE_BELOW_0.80,NOT_APPLICABLE,PER_SEED_RANK
390991,1,S1_NO_CONTACT_WITHIN_HORIZON,C_full,FULL_HIDDEN_CEILING,256,256,1.0,0.026380621194710845,0.06204937856896692,0.027998998495086837,0.032198607450884376,0.6118332501500845,True,True,True,,NOT_APPLICABLE,ONCE_PER_SEED_RANK_INVARIANT
390991,1,S2_EDIT_AFFECTS_FUTURE_CONTACT,C_full,FULL_HIDDEN_CEILING,256,256,1.0,0.02407887291935753,0.08002949895132738,0.041340634334536296,0.04276100476666414,1.3050084002315998,True,True,True,,NOT_APPLICABLE,ONCE_PER_SEED_RANK_INVARIANT
390991,2,S1_NO_CONTACT_WITHIN_HORIZON,A_affine,REGISTERED_AFFINE_REFERENCE,256,174,0.6796875,0.2854987681489496,0.38179842496755617,0.1642672871881003,0.05078733619285615,0.6726948078721762,True,True,False,JOINT_COVERAGE_BELOW_0.80,PREDECESSOR_PASS,PER_SEED_RANK
390991,2,S2_EDIT_AFFECTS_FUTURE_CONTACT,A_affine,REGISTERED_AFFINE_REFERENCE,256,176,0.6875,0.25178260392736185,0.3909210784213559,0.21831032623621371,0.0865223279550038,1.507434155791998,True,True,False,JOINT_COVERAGE_BELOW_0.80,PREDECESSOR_PASS,PER_SEED_RANK
390991,2,S1_NO_CONTACT_WITHIN_HORIZON,B_oracle,PRIVILEGED_CARRIER_CAPACITY_DIAGNOSTIC,256,173,0.67578125,0.24224534339013049,0.38519705466448595,0.15133559625198845,0.08264111780770864,0.4476115573197603,True,True,False,JOINT_COVERAGE_BELOW_0.80,NOT_APPLICABLE,PER_SEED_RANK
390991,2,S2_EDIT_AFFECTS_FUTURE_CONTACT,B_oracle,PRIVILEGED_CARRIER_CAPACITY_DIAGNOSTIC,256,180,0.703125,0.20014301990621478,0.3792176308534537,0.14935117664285283,0.13425284365294118,1.5399382449686527,True,True,False,JOINT_COVERAGE_BELOW_0.80,NOT_APPLICABLE,PER_SEED_RANK
390991,2,S1_NO_CONTACT_WITHIN_HORIZON,C_full,FULL_HIDDEN_CEILING,256,256,1.0,0.026380621194710845,0.06204937856896692,0.027998998495086837,0.032198607450884376,0.6118332501500845,True,True,True,,NOT_APPLICABLE,ONCE_PER_SEED_RANK_INVARIANT
390991,2,S2_EDIT_AFFECTS_FUTURE_CONTACT,C_full,FULL_HIDDEN_CEILING,256,256,1.0,0.02407887291935753,0.08002949895132738,0.041340634334536296,0.04276100476666414,1.3050084002315998,True,True,True,,NOT_APPLICABLE,ONCE_PER_SEED_RANK_INVARIANT
390991,4,S1_NO_CONTACT_WITHIN_HORIZON,A_affine,REGISTERED_AFFINE_REFERENCE,256,176,0.6875,0.2452962841094132,0.3813153056982247,0.14594863776359834,0.08666980003196467,0.8500779047608376,True,True,False,JOINT_COVERAGE_BELOW_0.80,PREDECESSOR_PASS,PER_SEED_RANK
390991,4,S2_EDIT_AFFECTS_FUTURE_CONTACT,A_affine,REGISTERED_AFFINE_REFERENCE,256,193,0.75390625,0.18743857655643936,0.3507298730884948,0.20105996247369307,0.13163349096751226,1.809866540133953,True,True,False,JOINT_COVERAGE_BELOW_0.80,PREDECESSOR_PASS,PER_SEED_RANK
390991,4,S1_NO_CONTACT_WITHIN_HORIZON,B_oracle,PRIVILEGED_CARRIER_CAPACITY_DIAGNOSTIC,256,180,0.703125,0.1863853089363035,0.38125226927192585,0.1329674053188619,0.14799279965585077,0.6330706179141998,True,True,False,JOINT_COVERAGE_BELOW_0.80,NOT_APPLICABLE,PER_SEED_RANK
390991,4,S2_EDIT_AFFECTS_FUTURE_CONTACT,B_oracle,PRIVILEGED_CARRIER_CAPACITY_DIAGNOSTIC,256,183,0.71484375,0.1690264774287178,0.3681030254541649,0.1385441755745579,0.15305415327191896,1.5570701099932194,True,True,False,JOINT_COVERAGE_BELOW_0.80,NOT_APPLICABLE,PER_SEED_RANK
390991,4,S1_NO_CONTACT_WITHIN_HORIZON,C_full,FULL_HIDDEN_CEILING,256,256,1.0,0.026380621194710845,0.06204937856896692,0.027998998495086837,0.032198607450884376,0.6118332501500845,True,True,True,,NOT_APPLICABLE,ONCE_PER_SEED_RANK_INVARIANT
390991,4,S2_EDIT_AFFECTS_FUTURE_CONTACT,C_full,FULL_HIDDEN_CEILING,256,256,1.0,0.02407887291935753,0.08002949895132738,0.041340634334536296,0.04276100476666414,1.3050084002315998,True,True,True,,NOT_APPLICABLE,ONCE_PER_SEED_RANK_INVARIANT
390991,6,S1_NO_CONTACT_WITHIN_HORIZON,A_affine,REGISTERED_AFFINE_REFERENCE,256,238,0.9296875,0.18389012882880115,0.2801316516518849,0.11730568584498424,0.07542233814928057,0.639466242864728,True,True,True,,PREDECESSOR_PASS,PER_SEED_RANK
390991,6,S2_EDIT_AFFECTS_FUTURE_CONTACT,A_affine,REGISTERED_AFFINE_REFERENCE,256,240,0.9375,0.08573521646471072,0.21662792189244384,0.1708270810719505,0.10982847375669086,1.5043479390442371,True,True,True,,PREDECESSOR_PASS,PER_SEED_RANK
390991,6,S1_NO_CONTACT_WITHIN_HORIZON,B_oracle,PRIVILEGED_CARRIER_CAPACITY_DIAGNOSTIC,256,247,0.96484375,0.09003613670316338,0.26625319309092044,0.09342989774144536,0.10315632137230381,0.5623544566333294,True,True,True,,NOT_APPLICABLE,PER_SEED_RANK
390991,6,S2_EDIT_AFFECTS_FUTURE_CONTACT,B_oracle,PRIVILEGED_CARRIER_CAPACITY_DIAGNOSTIC,256,244,0.953125,0.08683945102795906,0.2079178112545459,0.10616485795326461,0.09153991736444483,1.553355623036623,True,True,True,,NOT_APPLICABLE,PER_SEED_RANK
390991,6,S1_NO_CONTACT_WITHIN_HORIZON,C_full,FULL_HIDDEN_CEILING,256,256,1.0,0.026380621194710845,0.06204937856896692,0.027998998495086837,0.032198607450884376,0.6118332501500845,True,True,True,,NOT_APPLICABLE,ONCE_PER_SEED_RANK_INVARIANT
390991,6,S2_EDIT_AFFECTS_FUTURE_CONTACT,C_full,FULL_HIDDEN_CEILING,256,256,1.0,0.02407887291935753,0.08002949895132738,0.041340634334536296,0.04276100476666414,1.3050084002315998,True,True,True,,NOT_APPLICABLE,ONCE_PER_SEED_RANK_INVARIANT
390991,8,S1_NO_CONTACT_WITHIN_HORIZON,A_affine,REGISTERED_AFFINE_REFERENCE,256,256,1.0,0.11914146812655252,0.12944942710450227,0.08019807619975472,0.04810372856103545,0.6149561610072851,True,True,True,,PREDECESSOR_PASS,PER_SEED_RANK
390991,8,S2_EDIT_AFFECTS_FUTURE_CONTACT,A_affine,REGISTERED_AFFINE_REFERENCE,256,247,0.96484375,0.029405791459131803,0.12344078911996947,0.14034085645810002,0.09161010020112664,1.7031964845955372,True,True,True,,PREDECESSOR_PASS,PER_SEED_RANK
390991,8,S1_NO_CONTACT_WITHIN_HORIZON,B_oracle,PRIVILEGED_CARRIER_CAPACITY_DIAGNOSTIC,256,256,1.0,0.02695276595883217,0.06420961407670261,0.032353243348936606,0.03522352067301888,0.6287537980824709,True,True,True,,NOT_APPLICABLE,PER_SEED_RANK
390991,8,S2_EDIT_AFFECTS_FUTURE_CONTACT,B_oracle,PRIVILEGED_CARRIER_CAPACITY_DIAGNOSTIC,256,256,1.0,0.029206711226352676,0.08915674474863189,0.05641656478182713,0.044436576728590714,1.4487255364656448,True,True,True,,NOT_APPLICABLE,PER_SEED_RANK
390991,8,S1_NO_CONTACT_WITHIN_HORIZON,C_full,FULL_HIDDEN_CEILING,256,256,1.0,0.026380621194710845,0.06204937856896692,0.027998998495086837,0.032198607450884376,0.6118332501500845,True,True,True,,NOT_APPLICABLE,ONCE_PER_SEED_RANK_INVARIANT
390991,8,S2_EDIT_AFFECTS_FUTURE_CONTACT,C_full,FULL_HIDDEN_CEILING,256,256,1.0,0.02407887291935753,0.08002949895132738,0.041340634334536296,0.04276100476666414,1.3050084002315998,True,True,True,,NOT_APPLICABLE,ONCE_PER_SEED_RANK_INVARIANT
390991,12,S1_NO_CONTACT_WITHIN_HORIZON,A_affine,REGISTERED_AFFINE_REFERENCE,256,256,1.0,0.11637497411649168,0.1280703112969693,0.0801323545395469,0.04771952945381448,0.6075296085327864,True,True,True,,PREDECESSOR_PASS,PER_SEED_RANK
390991,12,S2_EDIT_AFFECTS_FUTURE_CONTACT,A_affine,REGISTERED_AFFINE_REFERENCE,256,252,0.984375,0.02934163563841395,0.11936478903330687,0.1411287949596539,0.08720625874737797,1.8743189983069897,True,True,True,,PREDECESSOR_PASS,PER_SEED_RANK
390991,12,S1_NO_CONTACT_WITHIN_HORIZON,B_oracle,PRIVILEGED_CARRIER_CAPACITY_DIAGNOSTIC,256,256,1.0,0.027889362942493407,0.06108981689075165,0.029205656800601713,0.032224184893614706,0.6021289620548487,True,True,True,,NOT_APPLICABLE,PER_SEED_RANK
390991,12,S2_EDIT_AFFECTS_FUTURE_CONTACT,B_oracle,PRIVILEGED_CARRIER_CAPACITY_DIAGNOSTIC,256,256,1.0,0.02390283434024694,0.07782512885590138,0.044451144642339374,0.04120479320457126,1.3408650644123554,True,True,True,,NOT_APPLICABLE,PER_SEED_RANK
390991,12,S1_NO_CONTACT_WITHIN_HORIZON,C_full,FULL_HIDDEN_CEILING,256,256,1.0,0.026380621194710845,0.06204937856896692,0.027998998495086837,0.032198607450884376,0.6118332501500845,True,True,True,,NOT_APPLICABLE,ONCE_PER_SEED_RANK_INVARIANT
390991,12,S2_EDIT_AFFECTS_FUTURE_CONTACT,C_full,FULL_HIDDEN_CEILING,256,256,1.0,0.02407887291935753,0.08002949895132738,0.041340634334536296,0.04276100476666414,1.3050084002315998,True,True,True,,NOT_APPLICABLE,ONCE_PER_SEED_RANK_INVARIANT
390991,16,S1_NO_CONTACT_WITHIN_HORIZON,A_affine,REGISTERED_AFFINE_REFERENCE,256,256,1.0,0.11683804804609688,0.12826657425449656,0.07998303620788508,0.04759767822471912,0.6101591046899557,True,True,True,,PREDECESSOR_PASS,PER_SEED_RANK
390991,16,S2_EDIT_AFFECTS_FUTURE_CONTACT,A_affine,REGISTERED_AFFINE_REFERENCE,256,251,0.98046875,0.029130586061768955,0.12036000560702295,0.1406494270288418,0.08878738260979152,1.8701797351241112,True,True,True,,PREDECESSOR_PASS,PER_SEED_RANK
390991,16,S1_NO_CONTACT_WITHIN_HORIZON,B_oracle,PRIVILEGED_CARRIER_CAPACITY_DIAGNOSTIC,256,256,1.0,0.02477848729519159,0.05841221413694602,0.02864168348719123,0.03023006713317068,0.6143825594335794,True,True,True,,NOT_APPLICABLE,PER_SEED_RANK
390991,16,S2_EDIT_AFFECTS_FUTURE_CONTACT,B_oracle,PRIVILEGED_CARRIER_CAPACITY_DIAGNOSTIC,256,256,1.0,0.022449418781346875,0.07652993462538085,0.042917733808255386,0.04085656507643283,1.312215719372034,True,True,True,,NOT_APPLICABLE,PER_SEED_RANK
390991,16,S1_NO_CONTACT_WITHIN_HORIZON,C_full,FULL_HIDDEN_CEILING,256,256,1.0,0.026380621194710845,0.06204937856896692,0.027998998495086837,0.032198607450884376,0.6118332501500845,True,True,True,,NOT_APPLICABLE,ONCE_PER_SEED_RANK_INVARIANT
390991,16,S2_EDIT_AFFECTS_FUTURE_CONTACT,C_full,FULL_HIDDEN_CEILING,256,256,1.0,0.02407887291935753,0.08002949895132738,0.041340634334536296,0.04276100476666414,1.3050084002315998,True,True,True,,NOT_APPLICABLE,ONCE_PER_SEED_RANK_INVARIANT
390992,1,S1_NO_CONTACT_WITHIN_HORIZON,A_affine,REGISTERED_AFFINE_REFERENCE,256,173,0.67578125,0.3317461476342921,0.38069635921388223,0.1797898463015374,0.03285042779498668,0.2249517710879445,True,True,False,JOINT_COVERAGE_BELOW_0.80,PREDECESSOR_PASS,PER_SEED_RANK
390992,1,S2_EDIT_AFFECTS_FUTURE_CONTACT,A_affine,REGISTERED_AFFINE_REFERENCE,256,176,0.6875,0.3353396653645458,0.41478719470648784,0.2843925151901625,0.0497962333478599,0.8648152463138103,True,True,False,JOINT_COVERAGE_BELOW_0.80,PREDECESSOR_PASS,PER_SEED_RANK
390992,1,S1_NO_CONTACT_WITHIN_HORIZON,B_oracle,PRIVILEGED_CARRIER_CAPACITY_DIAGNOSTIC,256,176,0.6875,0.2883074712226308,0.38316132515472634,0.17033433804265016,0.08303793085669627,0.9923466481268406,True,True,False,JOINT_COVERAGE_BELOW_0.80,NOT_APPLICABLE,PER_SEED_RANK
390992,1,S2_EDIT_AFFECTS_FUTURE_CONTACT,B_oracle,PRIVILEGED_CARRIER_CAPACITY_DIAGNOSTIC,256,176,0.6875,0.3128188153915007,0.41189007282411033,0.21369763785163437,0.08656996448278637,1.2087584473192692,True,True,False,JOINT_COVERAGE_BELOW_0.80,NOT_APPLICABLE,PER_SEED_RANK
390992,1,S1_NO_CONTACT_WITHIN_HORIZON,C_full,FULL_HIDDEN_CEILING,256,256,1.0,0.02420201471777165,0.055510345012985726,0.02529330626393425,0.02923552920187776,0.7657861802726984,True,True,True,,NOT_APPLICABLE,ONCE_PER_SEED_RANK_INVARIANT
390992,1,S2_EDIT_AFFECTS_FUTURE_CONTACT,C_full,FULL_HIDDEN_CEILING,256,256,1.0,0.02533660996897625,0.08780062926558024,0.04302269761004371,0.042680312238664454,1.5377041883766651,True,True,True,,NOT_APPLICABLE,ONCE_PER_SEED_RANK_INVARIANT
390992,2,S1_NO_CONTACT_WITHIN_HORIZON,A_affine,REGISTERED_AFFINE_REFERENCE,256,173,0.67578125,0.3178220387118589,0.3859918524458359,0.17462838153964816,0.04525003003247524,0.5781400483101606,True,True,False,JOINT_COVERAGE_BELOW_0.80,PREDECESSOR_PASS,PER_SEED_RANK
390992,2,S2_EDIT_AFFECTS_FUTURE_CONTACT,A_affine,REGISTERED_AFFINE_REFERENCE,256,178,0.6953125,0.27207523937358746,0.3971773794890342,0.23059150050717858,0.0986181605376441,1.3023440260440111,True,True,False,JOINT_COVERAGE_BELOW_0.80,PREDECESSOR_PASS,PER_SEED_RANK
390992,2,S1_NO_CONTACT_WITHIN_HORIZON,B_oracle,PRIVILEGED_CARRIER_CAPACITY_DIAGNOSTIC,256,176,0.6875,0.2722029249162699,0.38755529684058854,0.1638274403111128,0.0836223572299879,0.3340902039781213,True,True,False,JOINT_COVERAGE_BELOW_0.80,NOT_APPLICABLE,PER_SEED_RANK
390992,2,S2_EDIT_AFFECTS_FUTURE_CONTACT,B_oracle,PRIVILEGED_CARRIER_CAPACITY_DIAGNOSTIC,256,188,0.734375,0.20779859630759462,0.38448784424268606,0.14209757339437773,0.12543771032120998,1.5164447017014027,True,True,False,JOINT_COVERAGE_BELOW_0.80,NOT_APPLICABLE,PER_SEED_RANK
390992,2,S1_NO_CONTACT_WITHIN_HORIZON,C_full,FULL_HIDDEN_CEILING,256,256,1.0,0.02420201471777165,0.055510345012985726,0.02529330626393425,0.02923552920187776,0.7657861802726984,True,True,True,,NOT_APPLICABLE,ONCE_PER_SEED_RANK_INVARIANT
390992,2,S2_EDIT_AFFECTS_FUTURE_CONTACT,C_full,FULL_HIDDEN_CEILING,256,256,1.0,0.02533660996897625,0.08780062926558024,0.04302269761004371,0.042680312238664454,1.5377041883766651,True,True,True,,NOT_APPLICABLE,ONCE_PER_SEED_RANK_INVARIANT
390992,4,S1_NO_CONTACT_WITHIN_HORIZON,A_affine,REGISTERED_AFFINE_REFERENCE,256,176,0.6875,0.2819026460585792,0.3784567329737864,0.15306930410833117,0.059807293219287974,0.760530075058341,True,True,False,JOINT_COVERAGE_BELOW_0.80,PREDECESSOR_PASS,PER_SEED_RANK
390992,4,S2_EDIT_AFFECTS_FUTURE_CONTACT,A_affine,REGISTERED_AFFINE_REFERENCE,256,181,0.70703125,0.22597640804983532,0.38019127528185254,0.2287472093131277,0.12192817762851943,1.712435856461525,True,True,False,JOINT_COVERAGE_BELOW_0.80,PREDECESSOR_PASS,PER_SEED_RANK
390992,4,S1_NO_CONTACT_WITHIN_HORIZON,B_oracle,PRIVILEGED_CARRIER_CAPACITY_DIAGNOSTIC,256,215,0.83984375,0.15929544987534694,0.35716955276441453,0.11906925801863932,0.14675709662704248,0.5453729536384344,True,True,True,,NOT_APPLICABLE,PER_SEED_RANK
390992,4,S2_EDIT_AFFECTS_FUTURE_CONTACT,B_oracle,PRIVILEGED_CARRIER_CAPACITY_DIAGNOSTIC,256,202,0.7890625,0.18877338055752524,0.35162966989654376,0.13509425013007573,0.12417897304635835,1.4754111878573895,True,True,False,JOINT_COVERAGE_BELOW_0.80,NOT_APPLICABLE,PER_SEED_RANK
390992,4,S1_NO_CONTACT_WITHIN_HORIZON,C_full,FULL_HIDDEN_CEILING,256,256,1.0,0.02420201471777165,0.055510345012985726,0.02529330626393425,0.02923552920187776,0.7657861802726984,True,True,True,,NOT_APPLICABLE,ONCE_PER_SEED_RANK_INVARIANT
390992,4,S2_EDIT_AFFECTS_FUTURE_CONTACT,C_full,FULL_HIDDEN_CEILING,256,256,1.0,0.02533660996897625,0.08780062926558024,0.04302269761004371,0.042680312238664454,1.5377041883766651,True,True,True,,NOT_APPLICABLE,ONCE_PER_SEED_RANK_INVARIANT
390992,6,S1_NO_CONTACT_WITHIN_HORIZON,A_affine,REGISTERED_AFFINE_REFERENCE,256,199,0.77734375,0.2396152432018258,0.29385389246957105,0.13065890151419038,0.05978872796665173,0.9882943704724312,True,True,False,JOINT_COVERAGE_BELOW_0.80,PREDECESSOR_PASS,PER_SEED_RANK
390992,6,S2_EDIT_AFFECTS_FUTURE_CONTACT,A_affine,REGISTERED_AFFINE_REFERENCE,256,176,0.6875,0.10674885093504985,0.20821891558903927,0.21592078032760265,0.1571996471217714,2.100563980638981,True,True,False,JOINT_COVERAGE_BELOW_0.80,PREDECESSOR_PASS,PER_SEED_RANK
390992,6,S1_NO_CONTACT_WITHIN_HORIZON,B_oracle,PRIVILEGED_CARRIER_CAPACITY_DIAGNOSTIC,256,256,1.0,0.07824604273619029,0.19617050434184663,0.05627563942962317,0.07608012626586942,0.8036718238145113,True,True,True,,NOT_APPLICABLE,PER_SEED_RANK
390992,6,S2_EDIT_AFFECTS_FUTURE_CONTACT,B_oracle,PRIVILEGED_CARRIER_CAPACITY_DIAGNOSTIC,256,227,0.88671875,0.09259018514974364,0.2269077217499822,0.10662846400659402,0.10505820607234667,1.563710905611515,True,True,True,,NOT_APPLICABLE,PER_SEED_RANK
390992,6,S1_NO_CONTACT_WITHIN_HORIZON,C_full,FULL_HIDDEN_CEILING,256,256,1.0,0.02420201471777165,0.055510345012985726,0.02529330626393425,0.02923552920187776,0.7657861802726984,True,True,True,,NOT_APPLICABLE,ONCE_PER_SEED_RANK_INVARIANT
390992,6,S2_EDIT_AFFECTS_FUTURE_CONTACT,C_full,FULL_HIDDEN_CEILING,256,256,1.0,0.02533660996897625,0.08780062926558024,0.04302269761004371,0.042680312238664454,1.5377041883766651,True,True,True,,NOT_APPLICABLE,ONCE_PER_SEED_RANK_INVARIANT
390992,8,S1_NO_CONTACT_WITHIN_HORIZON,A_affine,REGISTERED_AFFINE_REFERENCE,256,219,0.85546875,0.20708876460183398,0.20430132364018266,0.1121160100285425,0.046631834834501715,1.0711337439715862,True,True,True,,PREDECESSOR_PASS,PER_SEED_RANK
390992,8,S2_EDIT_AFFECTS_FUTURE_CONTACT,A_affine,REGISTERED_AFFINE_REFERENCE,256,195,0.76171875,0.041152698873721846,0.1598872463815316,0.19008864802155045,0.1425065771498873,2.5799723342061043,True,True,False,JOINT_COVERAGE_BELOW_0.80,PREDECESSOR_PASS,PER_SEED_RANK
390992,8,S1_NO_CONTACT_WITHIN_HORIZON,B_oracle,PRIVILEGED_CARRIER_CAPACITY_DIAGNOSTIC,256,256,1.0,0.0362130317412324,0.06632674683562872,0.02920606176196719,0.03251661305729694,0.7379874121397734,True,True,True,,NOT_APPLICABLE,PER_SEED_RANK
390992,8,S2_EDIT_AFFECTS_FUTURE_CONTACT,B_oracle,PRIVILEGED_CARRIER_CAPACITY_DIAGNOSTIC,256,256,1.0,0.03418488909395094,0.1174395693535171,0.0603727335285348,0.059637414801789815,1.5803392976522446,True,True,True,,NOT_APPLICABLE,PER_SEED_RANK
390992,8,S1_NO_CONTACT_WITHIN_HORIZON,C_full,FULL_HIDDEN_CEILING,256,256,1.0,0.02420201471777165,0.055510345012985726,0.02529330626393425,0.02923552920187776,0.7657861802726984,True,True,True,,NOT_APPLICABLE,ONCE_PER_SEED_RANK_INVARIANT
390992,8,S2_EDIT_AFFECTS_FUTURE_CONTACT,C_full,FULL_HIDDEN_CEILING,256,256,1.0,0.02533660996897625,0.08780062926558024,0.04302269761004371,0.042680312238664454,1.5377041883766651,True,True,True,,NOT_APPLICABLE,ONCE_PER_SEED_RANK_INVARIANT
390992,12,S1_NO_CONTACT_WITHIN_HORIZON,A_affine,REGISTERED_AFFINE_REFERENCE,256,223,0.87109375,0.2042761262947699,0.2010463640172187,0.11268258508586518,0.04718274387473888,1.0310583747923374,True,True,True,,PREDECESSOR_PASS,PER_SEED_RANK
390992,12,S2_EDIT_AFFECTS_FUTURE_CONTACT,A_affine,REGISTERED_AFFINE_REFERENCE,256,195,0.76171875,0.042132817784497276,0.1628124791611394,0.18953500030390819,0.1432782530334521,2.6281832717359066,True,True,False,JOINT_COVERAGE_BELOW_0.80,PREDECESSOR_PASS,PER_SEED_RANK
390992,12,S1_NO_CONTACT_WITHIN_HORIZON,B_oracle,PRIVILEGED_CARRIER_CAPACITY_DIAGNOSTIC,256,256,1.0,0.025501502688921023,0.05626083360184869,0.02613770597067728,0.027797369704111324,0.8411469869315624,True,True,True,,NOT_APPLICABLE,PER_SEED_RANK
390992,12,S2_EDIT_AFFECTS_FUTURE_CONTACT,B_oracle,PRIVILEGED_CARRIER_CAPACITY_DIAGNOSTIC,256,256,1.0,0.028863516132149932,0.10366105348329499,0.05122077936163384,0.04742749005163528,1.6297794878482819,True,True,True,,NOT_APPLICABLE,PER_SEED_RANK
390992,12,S1_NO_CONTACT_WITHIN_HORIZON,C_full,FULL_HIDDEN_CEILING,256,256,1.0,0.02420201471777165,0.055510345012985726,0.02529330626393425,0.02923552920187776,0.7657861802726984,True,True,True,,NOT_APPLICABLE,ONCE_PER_SEED_RANK_INVARIANT
390992,12,S2_EDIT_AFFECTS_FUTURE_CONTACT,C_full,FULL_HIDDEN_CEILING,256,256,1.0,0.02533660996897625,0.08780062926558024,0.04302269761004371,0.042680312238664454,1.5377041883766651,True,True,True,,NOT_APPLICABLE,ONCE_PER_SEED_RANK_INVARIANT
390992,16,S1_NO_CONTACT_WITHIN_HORIZON,A_affine,REGISTERED_AFFINE_REFERENCE,256,223,0.87109375,0.20323008359944222,0.20102766977993258,0.11265227692012278,0.04763981556317139,1.0037641506642103,True,True,True,,PREDECESSOR_PASS,PER_SEED_RANK
390992,16,S2_EDIT_AFFECTS_FUTURE_CONTACT,A_affine,REGISTERED_AFFINE_REFERENCE,256,194,0.7578125,0.03934066867740632,0.16629509354968158,0.18942410629810313,0.14265493271740937,2.6007897220551968,True,True,False,JOINT_COVERAGE_BELOW_0.80,PREDECESSOR_PASS,PER_SEED_RANK
390992,16,S1_NO_CONTACT_WITHIN_HORIZON,B_oracle,PRIVILEGED_CARRIER_CAPACITY_DIAGNOSTIC,256,256,1.0,0.026158862108104076,0.05533080928261987,0.025021583512814083,0.028107666325669058,0.7439963053911924,True,True,True,,NOT_APPLICABLE,PER_SEED_RANK
390992,16,S2_EDIT_AFFECTS_FUTURE_CONTACT,B_oracle,PRIVILEGED_CARRIER_CAPACITY_DIAGNOSTIC,256,256,1.0,0.02613156400272662,0.0901008381578346,0.04413708261702007,0.04607072654802248,1.5668000560253859,True,True,True,,NOT_APPLICABLE,PER_SEED_RANK
390992,16,S1_NO_CONTACT_WITHIN_HORIZON,C_full,FULL_HIDDEN_CEILING,256,256,1.0,0.02420201471777165,0.055510345012985726,0.02529330626393425,0.02923552920187776,0.7657861802726984,True,True,True,,NOT_APPLICABLE,ONCE_PER_SEED_RANK_INVARIANT
390992,16,S2_EDIT_AFFECTS_FUTURE_CONTACT,C_full,FULL_HIDDEN_CEILING,256,256,1.0,0.02533660996897625,0.08780062926558024,0.04302269761004371,0.042680312238664454,1.5377041883766651,True,True,True,,NOT_APPLICABLE,ONCE_PER_SEED_RANK_INVARIANT
390993,1,S1_NO_CONTACT_WITHIN_HORIZON,A_affine,REGISTERED_AFFINE_REFERENCE,256,171,0.66796875,0.34215881843638296,0.38254855018077877,0.18523683121142376,0.02920495328593544,0.6569429766386747,True,True,False,JOINT_COVERAGE_BELOW_0.80,PREDECESSOR_PASS,PER_SEED_RANK
390993,1,S2_EDIT_AFFECTS_FUTURE_CONTACT,A_affine,REGISTERED_AFFINE_REFERENCE,256,177,0.69140625,0.29476602454515,0.3888876674168543,0.22762243447470482,0.06303382642160632,1.3446382246911526,True,True,False,JOINT_COVERAGE_BELOW_0.80,PREDECESSOR_PASS,PER_SEED_RANK
390993,1,S1_NO_CONTACT_WITHIN_HORIZON,B_oracle,PRIVILEGED_CARRIER_CAPACITY_DIAGNOSTIC,256,173,0.67578125,0.34068844075989735,0.3812352794540999,0.1838981006173163,0.0260524629566082,0.37538541946560144,True,True,False,JOINT_COVERAGE_BELOW_0.80,NOT_APPLICABLE,PER_SEED_RANK
390993,1,S2_EDIT_AFFECTS_FUTURE_CONTACT,B_oracle,PRIVILEGED_CARRIER_CAPACITY_DIAGNOSTIC,256,180,0.703125,0.2304609176914358,0.372019656683854,0.15299896701953114,0.11633251190434088,1.5644559171050787,True,True,False,JOINT_COVERAGE_BELOW_0.80,NOT_APPLICABLE,PER_SEED_RANK
390993,1,S1_NO_CONTACT_WITHIN_HORIZON,C_full,FULL_HIDDEN_CEILING,256,256,1.0,0.03274852100958428,0.06711658779791241,0.03111753840938647,0.039833507222254295,0.6864903960376978,True,True,True,,NOT_APPLICABLE,ONCE_PER_SEED_RANK_INVARIANT
390993,1,S2_EDIT_AFFECTS_FUTURE_CONTACT,C_full,FULL_HIDDEN_CEILING,256,256,1.0,0.02688751272151174,0.0996232976396085,0.04840198875621552,0.0476931056095896,2.1198904141783714,True,True,True,,NOT_APPLICABLE,ONCE_PER_SEED_RANK_INVARIANT
390993,2,S1_NO_CONTACT_WITHIN_HORIZON,A_affine,REGISTERED_AFFINE_REFERENCE,256,174,0.6796875,0.313722447412365,0.3818054589998029,0.17319003147144885,0.046761715360284575,0.5407942458987236,True,True,False,JOINT_COVERAGE_BELOW_0.80,PREDECESSOR_PASS,PER_SEED_RANK
390993,2,S2_EDIT_AFFECTS_FUTURE_CONTACT,A_affine,REGISTERED_AFFINE_REFERENCE,256,176,0.6875,0.23926037616125517,0.3824586363764505,0.23134675250449108,0.09149906509037531,1.596049964427948,True,True,False,JOINT_COVERAGE_BELOW_0.80,PREDECESSOR_PASS,PER_SEED_RANK
390993,2,S1_NO_CONTACT_WITHIN_HORIZON,B_oracle,PRIVILEGED_CARRIER_CAPACITY_DIAGNOSTIC,256,176,0.6875,0.2850662958624639,0.3837878620146644,0.16420558825463064,0.06578020452734534,0.5455372389405966,True,True,False,JOINT_COVERAGE_BELOW_0.80,NOT_APPLICABLE,PER_SEED_RANK
390993,2,S2_EDIT_AFFECTS_FUTURE_CONTACT,B_oracle,PRIVILEGED_CARRIER_CAPACITY_DIAGNOSTIC,256,177,0.69140625,0.21450720333552548,0.37398328508298995,0.1481036733109053,0.1225775795928413,1.492323074489832,True,True,False,JOINT_COVERAGE_BELOW_0.80,NOT_APPLICABLE,PER_SEED_RANK
390993,2,S1_NO_CONTACT_WITHIN_HORIZON,C_full,FULL_HIDDEN_CEILING,256,256,1.0,0.03274852100958428,0.06711658779791241,0.03111753840938647,0.039833507222254295,0.6864903960376978,True,True,True,,NOT_APPLICABLE,ONCE_PER_SEED_RANK_INVARIANT
390993,2,S2_EDIT_AFFECTS_FUTURE_CONTACT,C_full,FULL_HIDDEN_CEILING,256,256,1.0,0.02688751272151174,0.0996232976396085,0.04840198875621552,0.0476931056095896,2.1198904141783714,True,True,True,,NOT_APPLICABLE,ONCE_PER_SEED_RANK_INVARIANT
390993,4,S1_NO_CONTACT_WITHIN_HORIZON,A_affine,REGISTERED_AFFINE_REFERENCE,256,176,0.6875,0.28575371999075433,0.38597412576365975,0.16227512754413176,0.06696767636943521,0.6355491001158953,True,True,False,JOINT_COVERAGE_BELOW_0.80,PREDECESSOR_PASS,PER_SEED_RANK
390993,4,S2_EDIT_AFFECTS_FUTURE_CONTACT,A_affine,REGISTERED_AFFINE_REFERENCE,256,172,0.671875,0.16109321806020588,0.3764289711089669,0.2181806494467516,0.17686120878165681,2.399542834609747,True,True,False,JOINT_COVERAGE_BELOW_0.80,PREDECESSOR_PASS,PER_SEED_RANK
390993,4,S1_NO_CONTACT_WITHIN_HORIZON,B_oracle,PRIVILEGED_CARRIER_CAPACITY_DIAGNOSTIC,256,183,0.71484375,0.20304545642262262,0.3840085743601893,0.13648536686443258,0.1143308906382183,0.6151203531771898,True,True,False,JOINT_COVERAGE_BELOW_0.80,NOT_APPLICABLE,PER_SEED_RANK
390993,4,S2_EDIT_AFFECTS_FUTURE_CONTACT,B_oracle,PRIVILEGED_CARRIER_CAPACITY_DIAGNOSTIC,256,181,0.70703125,0.1474229232949102,0.3790576415373007,0.1361844108485776,0.1666220426544548,1.823740266263485,True,True,False,JOINT_COVERAGE_BELOW_0.80,NOT_APPLICABLE,PER_SEED_RANK
390993,4,S1_NO_CONTACT_WITHIN_HORIZON,C_full,FULL_HIDDEN_CEILING,256,256,1.0,0.03274852100958428,0.06711658779791241,0.03111753840938647,0.039833507222254295,0.6864903960376978,True,True,True,,NOT_APPLICABLE,ONCE_PER_SEED_RANK_INVARIANT
390993,4,S2_EDIT_AFFECTS_FUTURE_CONTACT,C_full,FULL_HIDDEN_CEILING,256,256,1.0,0.02688751272151174,0.0996232976396085,0.04840198875621552,0.0476931056095896,2.1198904141783714,True,True,True,,NOT_APPLICABLE,ONCE_PER_SEED_RANK_INVARIANT
390993,6,S1_NO_CONTACT_WITHIN_HORIZON,A_affine,REGISTERED_AFFINE_REFERENCE,256,216,0.84375,0.22850757523570447,0.2887023184470272,0.12619554333348532,0.06825913324494337,1.0174170136451721,True,True,True,,PREDECESSOR_PASS,PER_SEED_RANK
390993,6,S2_EDIT_AFFECTS_FUTURE_CONTACT,A_affine,REGISTERED_AFFINE_REFERENCE,256,140,0.546875,0.08203204675058744,0.2403572024136992,0.2284467584869801,0.21114667131374382,2.9967159032821655,True,True,False,JOINT_COVERAGE_BELOW_0.80,PREDECESSOR_PASS,PER_SEED_RANK
390993,6,S1_NO_CONTACT_WITHIN_HORIZON,B_oracle,PRIVILEGED_CARRIER_CAPACITY_DIAGNOSTIC,256,256,1.0,0.07788416251312841,0.16714867274921624,0.06125716751953014,0.06786859005368838,0.7259821053594351,True,True,True,,NOT_APPLICABLE,PER_SEED_RANK
390993,6,S2_EDIT_AFFECTS_FUTURE_CONTACT,B_oracle,PRIVILEGED_CARRIER_CAPACITY_DIAGNOSTIC,256,206,0.8046875,0.0782279283320907,0.24515467489232068,0.1246542772749476,0.13473952529322195,1.8582783639431,True,True,True,,NOT_APPLICABLE,PER_SEED_RANK
390993,6,S1_NO_CONTACT_WITHIN_HORIZON,C_full,FULL_HIDDEN_CEILING,256,256,1.0,0.03274852100958428,0.06711658779791241,0.03111753840938647,0.039833507222254295,0.6864903960376978,True,True,True,,NOT_APPLICABLE,ONCE_PER_SEED_RANK_INVARIANT
390993,6,S2_EDIT_AFFECTS_FUTURE_CONTACT,C_full,FULL_HIDDEN_CEILING,256,256,1.0,0.02688751272151174,0.0996232976396085,0.04840198875621552,0.0476931056095896,2.1198904141783714,True,True,True,,NOT_APPLICABLE,ONCE_PER_SEED_RANK_INVARIANT
390993,8,S1_NO_CONTACT_WITHIN_HORIZON,A_affine,REGISTERED_AFFINE_REFERENCE,256,222,0.8671875,0.22006249641248585,0.2674385558835799,0.12195093905939149,0.06591573106382423,1.0454723611474037,True,True,True,,PREDECESSOR_PASS,PER_SEED_RANK
390993,8,S2_EDIT_AFFECTS_FUTURE_CONTACT,A_affine,REGISTERED_AFFINE_REFERENCE,256,149,0.58203125,0.06367680113428138,0.19797253615262117,0.21489802745653713,0.21791958210010362,3.0445736832916737,True,True,False,JOINT_COVERAGE_BELOW_0.80,PREDECESSOR_PASS,PER_SEED_RANK
390993,8,S1_NO_CONTACT_WITHIN_HORIZON,B_oracle,PRIVILEGED_CARRIER_CAPACITY_DIAGNOSTIC,256,256,1.0,0.063887360155778,0.14476458017458113,0.05525821445559993,0.06697536194766779,0.7703520823270082,True,True,True,,NOT_APPLICABLE,PER_SEED_RANK
390993,8,S2_EDIT_AFFECTS_FUTURE_CONTACT,B_oracle,PRIVILEGED_CARRIER_CAPACITY_DIAGNOSTIC,256,236,0.921875,0.07562233146207728,0.21632587341735382,0.10616912176162248,0.10240198079592183,1.9834280014038086,True,True,True,,NOT_APPLICABLE,PER_SEED_RANK
390993,8,S1_NO_CONTACT_WITHIN_HORIZON,C_full,FULL_HIDDEN_CEILING,256,256,1.0,0.03274852100958428,0.06711658779791241,0.03111753840938647,0.039833507222254295,0.6864903960376978,True,True,True,,NOT_APPLICABLE,ONCE_PER_SEED_RANK_INVARIANT
390993,8,S2_EDIT_AFFECTS_FUTURE_CONTACT,C_full,FULL_HIDDEN_CEILING,256,256,1.0,0.02688751272151174,0.0996232976396085,0.04840198875621552,0.0476931056095896,2.1198904141783714,True,True,True,,NOT_APPLICABLE,ONCE_PER_SEED_RANK_INVARIANT
390993,12,S1_NO_CONTACT_WITHIN_HORIZON,A_affine,REGISTERED_AFFINE_REFERENCE,256,247,0.96484375,0.1924441367863884,0.20558047487405448,0.09979910283568928,0.05468096349541672,1.0425341315567493,True,True,True,,PREDECESSOR_PASS,PER_SEED_RANK
390993,12,S2_EDIT_AFFECTS_FUTURE_CONTACT,A_affine,REGISTERED_AFFINE_REFERENCE,256,182,0.7109375,0.040387579047766284,0.1591595860937816,0.18428324612967567,0.17062972403494775,2.853812649846077,True,True,False,JOINT_COVERAGE_BELOW_0.80,PREDECESSOR_PASS,PER_SEED_RANK
390993,12,S1_NO_CONTACT_WITHIN_HORIZON,B_oracle,PRIVILEGED_CARRIER_CAPACITY_DIAGNOSTIC,256,256,1.0,0.032238435238367905,0.06732429583024221,0.0325669458477185,0.04029058172047803,0.6924937479197979,True,True,True,,NOT_APPLICABLE,PER_SEED_RANK
390993,12,S2_EDIT_AFFECTS_FUTURE_CONTACT,B_oracle,PRIVILEGED_CARRIER_CAPACITY_DIAGNOSTIC,256,256,1.0,0.02530251778876649,0.09898654371611287,0.049655095183408604,0.048769337471162,2.1420108154416084,True,True,True,,NOT_APPLICABLE,PER_SEED_RANK
390993,12,S1_NO_CONTACT_WITHIN_HORIZON,C_full,FULL_HIDDEN_CEILING,256,256,1.0,0.03274852100958428,0.06711658779791241,0.03111753840938647,0.039833507222254295,0.6864903960376978,True,True,True,,NOT_APPLICABLE,ONCE_PER_SEED_RANK_INVARIANT
390993,12,S2_EDIT_AFFECTS_FUTURE_CONTACT,C_full,FULL_HIDDEN_CEILING,256,256,1.0,0.02688751272151174,0.0996232976396085,0.04840198875621552,0.0476931056095896,2.1198904141783714,True,True,True,,NOT_APPLICABLE,ONCE_PER_SEED_RANK_INVARIANT
390993,16,S1_NO_CONTACT_WITHIN_HORIZON,A_affine,REGISTERED_AFFINE_REFERENCE,256,247,0.96484375,0.19198942334948116,0.2063070435264279,0.09947449262224636,0.055165061967886626,1.0326412506401539,True,True,True,,PREDECESSOR_PASS,PER_SEED_RANK
390993,16,S2_EDIT_AFFECTS_FUTURE_CONTACT,A_affine,REGISTERED_AFFINE_REFERENCE,256,181,0.70703125,0.040565328130299574,0.16057011838958044,0.184083555676128,0.17164645500581233,2.8974901884794235,True,True,False,JOINT_COVERAGE_BELOW_0.80,PREDECESSOR_PASS,PER_SEED_RANK
390993,16,S1_NO_CONTACT_WITHIN_HORIZON,B_oracle,PRIVILEGED_CARRIER_CAPACITY_DIAGNOSTIC,256,256,1.0,0.03211590469930092,0.06538289348475196,0.03259904857565061,0.03990759892161342,0.6851956713944674,True,True,True,,NOT_APPLICABLE,PER_SEED_RANK
390993,16,S2_EDIT_AFFECTS_FUTURE_CONTACT,B_oracle,PRIVILEGED_CARRIER_CAPACITY_DIAGNOSTIC,256,256,1.0,0.025915173168066897,0.09635366741200652,0.04858966209910508,0.048012471507968654,2.119424007833004,True,True,True,,NOT_APPLICABLE,PER_SEED_RANK
390993,16,S1_NO_CONTACT_WITHIN_HORIZON,C_full,FULL_HIDDEN_CEILING,256,256,1.0,0.03274852100958428,0.06711658779791241,0.03111753840938647,0.039833507222254295,0.6864903960376978,True,True,True,,NOT_APPLICABLE,ONCE_PER_SEED_RANK_INVARIANT
390993,16,S2_EDIT_AFFECTS_FUTURE_CONTACT,C_full,FULL_HIDDEN_CEILING,256,256,1.0,0.02688751272151174,0.0996232976396085,0.04840198875621552,0.0476931056095896,2.1198904141783714,True,True,True,,NOT_APPLICABLE,ONCE_PER_SEED_RANK_INVARIANT
