Delta_align,Delta_d,S_sub_F_CF,S_sub_P_CF,checkpoint,d_R_F_CF,d_R_P_CF,r_CF,r_F,r_P,stratum,unit_id
0.34415427098721346,0.33359688553615685,0.41807673268564655,0.76223100367286,291402,0.8875941593311782,0.5539972737950214,4,3,4,S1,W29U_2B98D8963199CEBD39881CF3
0.01907727275545179,0.04288839415993323,0.9754615680301215,0.9945388407855733,291402,0.13007020481678808,0.08718181065685485,4,3,4,S1,W29U_11EACAC0A69B433BE5335374
0.005639294216509327,0.07390086282209016,0.9906481405035592,0.9962874347200685,291402,0.15370350928541485,0.07980264646332469,3,3,3,S1,W29U_CDB45AA59812E048F89D1FEF
0.008465557753781994,0.06001380909397448,0.9864704873341695,0.9949360450879515,291402,0.15526775034537937,0.09525394125140489,3,3,3,S1,W29U_D8CFC7B512CCF79D00E3DA72
0.08167666872411472,0.19692382013284673,0.9069622533520754,0.9886389220761901,291402,0.3055050501404774,0.10858123000763067,4,3,4,S1,W29U_0C150BD91825DDE5B26260D3
0.13815632795673505,0.2752820223590283,0.6267650765680687,0.7649214045248037,291402,0.8036526592739958,0.5283706369149674,3,3,4,S1,W29U_2F5C149851D9AB038AA06566
-0.07606985428223356,-0.08767881793958582,0.8223167703592117,0.7462469160769781,291402,0.46265487138145694,0.5503336893210428,3,3,3,S1,W29U_A3B6D3BDB73A7B2D4AE044E2
0.27993463038431843,0.07410715719592764,0.5508599582152385,0.8307945885995569,291402,0.845363200767159,0.7712560435712313,4,3,3,S1,W29U_AC8C1DB17FDD8141A366E8D2
0.012921309465124264,0.16307251410922569,0.9455641635040183,0.9584854729691425,291402,0.35428955995023903,0.19121704584101334,3,3,3,S1,W29U_B1AA4B604A313D5010E1A61F
-0.12396452499300725,-0.06035046070833783,0.8383629358693545,0.7143984108763473,291402,0.5036404409264246,0.5639909016347624,4,3,4,S1,W29U_4BC3ADADD4685C9154124B37
0.3236833781099393,0.5367452221273226,0.628721221701889,0.9524045998118283,291402,0.8374189193043666,0.3006736971770441,3,3,4,S1,W29U_62F02A00E48B9E836FA9D0FE
0.1719499812383133,0.2976579469843238,0.7543641089237928,0.9263140901621061,291402,0.5565737139500672,0.25891576696574337,4,3,4,S1,W29U_E53925AE8D426CFBA11CA56F
0.1978277575963675,0.41510813012938935,0.7120120653513836,0.9098398229477511,291402,0.7632643338977322,0.34815620376834283,3,3,3,S1,W29U_5E9585B5B6DBFD2154636B70
0.131214446222787,0.1425333122827202,0.7138758005571164,0.8450902467799034,291402,0.5476719797616856,0.4051386674789654,3,3,3,S1,W29U_E9525766D7F0FD19E74D6A7E
0.3015139263354827,0.1608301156522952,0.5345438197639398,0.8360577460994225,291402,0.8798190485934502,0.718988932941155,4,3,3,S1,W29U_BA70175A76438B66A59B5FB8
0.2997723433502748,0.0765177394679617,0.5277415692175542,0.827513912567829,291402,0.8425349112490358,0.7660171717810741,4,3,3,S1,W29U_A972A9FE615861DB83C1C26E
-0.11748370142464648,-0.055397962899804865,0.8488741891904786,0.7313904877658322,291402,0.4961312577573081,0.551529220657113,4,3,4,S1,W29U_D72E64A6FE3FD6481A8DD4F3
-0.005337503530357002,-0.05134546731540099,0.9805524501730446,0.9752149466426876,291402,0.1854839750992552,0.2368294424146562,3,3,3,S1,W29U_AAD068AB87B51FB466F1641F
0.4058747787675373,0.5937858287532842,0.5607663065670008,0.9666410853345381,291402,0.762403706866718,0.16861787811343376,4,3,4,S1,W29U_6CFF1D75487CD3A42D913977
0.40258548620360635,0.4614860234704581,0.5636269967350566,0.9662124829386629,291402,0.6905727277122025,0.22908670424174438,4,3,4,S1,W29U_E39EA8A21758C10BCC5F4B25
0.004973204960913691,0.06438447143480419,0.9643598732156414,0.9693330781765551,291402,0.2833413912388385,0.2189569198040343,3,3,3,S1,W29U_C886BB9C0B293A1ED9758B14
-0.11952250055850355,-0.06661200643532006,0.837729936912492,0.7182074363539884,291402,0.49501372957322365,0.5616257360085437,3,3,4,S1,W29U_A5910054BB855156E9B32F8C
0.019509108018443078,0.039359944845558034,0.9741683078383814,0.9936774158568245,291402,0.1346120702915709,0.09525212544601287,4,3,4,S1,W29U_2A89DC488AD15CBE1249ED0D
0.07081593837673217,0.284722136468931,0.9228788254735013,0.9936947638502335,291402,0.4100962575344859,0.1253741210655549,3,3,3,S1,W29U_9D11D773ABD3D5DDFD96D857
-0.27410964576313246,-0.11964174099638669,0.8654331369769267,0.5913234912137942,291402,0.5568746370332861,0.6765163780296728,3,3,4,S1,W29U_B52BC9EA0A5865F529FD944F
-0.2903285974358708,-0.12501878694961116,0.9275490309304383,0.6372204334945675,291402,0.479042670081505,0.6040614570311161,3,3,4,S1,W29U_994622A6D5AD3781B8DCA5E7
0.1930422604732852,0.2701539016080373,0.6722793132708051,0.8653215737440904,291402,0.7713727645590547,0.5012188629510174,4,3,4,S1,W29U_35D26B470FA840A2B61FA7BD
0.11443221327584618,0.20633729863646516,0.8722716899979837,0.9867039032738298,291402,0.3133229893383538,0.10698569070188864,4,3,4,S1,W29U_D863F5D445E32C9CFE045647
-0.01081287270965825,-0.09828178451436181,0.9575127648964233,0.9466998921867651,291402,0.3463520815800783,0.4446338660944401,3,3,4,S1,W29U_30410D146F275D9B501A8D8B
0.3956372249385611,0.3950469774750546,0.5467600785464737,0.9423973034850348,291402,0.7239671235438233,0.32892014606876874,4,3,4,S1,W29U_AB05A2088E675A5855032D7A
-0.036036862847867224,-0.03329764757903819,0.9557733165384614,0.9197364536905942,291402,0.3407568791083561,0.3740545266873943,3,3,4,S1,W29U_CBC2DCAEF6675B5D9A70E2E5
0.487201616074442,0.5855098252825716,0.4608938301237322,0.9480954461981742,291402,0.7961400033611576,0.21063017807858606,3,3,3,S1,W29U_21A4C462A4AB85B5ED8A8FB9
0.14322603412624169,0.2592542499888726,0.8458549626139532,0.9890809967401949,291402,0.36271181147182924,0.10345756148295665,4,3,4,S1,W29U_229702C2BCB73563FD30EE1D
-0.12916143993691231,-0.043425400959937965,0.8432305728636456,0.7140691329267332,291402,0.5136206708218048,0.5570460717817428,4,3,4,S1,W29U_3BDC39A40CA0FF75A3C3A3A6
0.12161648553486037,0.19018630021580402,0.8522515711316289,0.9738680566664892,291402,0.3469591205354608,0.15677282031965678,4,3,4,S1,W29U_4C6ED1EB798517953D0DC778
-0.02153102257330808,-0.11529680165686462,0.9843716836392516,0.9628406610659436,291402,0.21152113116768162,0.32681793282454624,3,3,4,S1,W29U_75132999B0C6E0EEE43BA989
0.06707103257579927,0.11913014449749679,0.916951407440741,0.9840224400165403,291402,0.2716107951646078,0.152480650667111,4,3,4,S1,W29U_F6CAD417553B07D618F9E108
0.38788727356728925,0.3741211455331079,0.5525750507506116,0.9404623243179009,291402,0.701755239867466,0.32763409433435814,4,3,4,S1,W29U_E5D1686A18607C9EE6DB4092
0.22527148907110472,0.3404494261581217,0.6908029840033691,0.9160744730744739,291402,0.6645073824333786,0.3240579562752569,3,3,3,S1,W29U_93A1C9E34685B6807135F4C8
-0.029094743165013703,-0.11748683681742422,0.9819864625476434,0.9528917193826297,291402,0.25755084686058716,0.3750376836780114,3,3,4,S1,W29U_F2575FC5D972AB054D7C658A
0.5069006738596309,0.6055842786884819,0.44959979668259936,0.9565004705422302,291402,0.8358981376458219,0.23031385895734002,4,3,4,S1,W29U_0400BA4294543C5E4BC160A2
0.10242120864588389,0.20010328971986924,0.8866020688298807,0.9890232774757646,291402,0.2986179679199165,0.09851467820004729,4,3,4,S1,W29U_7A5126EDF2108BF759D41021
-0.030912675150317814,-0.09900951676617631,0.9808805730419077,0.9499678978915899,291402,0.21745740168706845,0.31646691845324476,3,3,4,S1,W29U_4542EF183B2513200195497A
0.04003329105939768,0.22364828742890208,0.9520060500223572,0.9920393410817548,291402,0.3326875832839919,0.10903929585508983,3,3,3,S1,W29U_1286685795C121BE6FFD658C
0.018384834638941916,0.04278197750386567,0.9764741666711577,0.9948590013100996,291402,0.1312165120171877,0.08843453451332203,4,3,4,S1,W29U_1EDF61048BA683FEF104C62A
-0.2671488567978474,-0.1561834970682393,0.9458213951226647,0.6786725383248173,291402,0.44812985071679534,0.6043133477850346,3,3,4,S1,W29U_D215F181D8F005BABBB41D37
0.3421193068455204,0.23369232220393643,0.5086286310415127,0.8507479378870331,291402,0.7576261509851271,0.5239338287811907,4,3,3,S1,W29U_339AD37DFA36D01C73FDFF3C
0.07151679457021842,0.2485055835869651,0.9153978769991857,0.9869146715694042,291402,0.42182530533347773,0.17331972174651264,3,4,3,S1,W29U_6E065B84AB4956262BB4BD6F
0.2289962988065296,0.30515426077604463,0.7007254744289744,0.929721773235504,291402,0.6019605436897836,0.29680628291373895,4,3,4,S1,W29U_927D329B3C584BE046A0AFEA
0.17291225293189394,0.2950753581235148,0.7478077001801308,0.9207199531120247,291402,0.5763546456446479,0.28127928752113307,4,3,4,S1,W29U_B497E36FB07F5FA1D12D6681
0.29256824213570787,0.07275759419624905,0.5359392862350932,0.8285075283708011,291402,0.8398436867349818,0.7670860925387327,4,3,3,S1,W29U_C262155F67E1F514B8FA68C7
0.1682122563993439,0.12168600636232407,0.5493453860335585,0.7175576424329024,291402,0.8377190628529213,0.7160330564905972,4,3,3,S1,W29U_C9C26419E0818E40CBA4D6F3
0.42245213407832727,0.41235120485175275,0.5426090340000332,0.9650611680783605,291402,0.7336608258013477,0.321309620949595,4,3,4,S1,W29U_C37CB46A6C677AD0D2838FA4
0.1304175004811654,0.0687379476967378,0.5521636171436733,0.6825811176248388,291402,0.789658935190997,0.7209209874942591,4,3,3,S1,W29U_03C728A071DA819C6F3B21E4
0.27297343136492436,0.19338955625363197,0.5741357007273484,0.8471091320922728,291402,0.7707736142158078,0.5773840579621758,4,3,3,S1,W29U_C93146E96852E40F0233C116
-0.21664702130991675,-0.07548445281363148,0.9377176517743419,0.7210706304644251,291402,0.522281176024214,0.5977656288378455,3,3,4,S1,W29U_3F4110C5508739D0A0562757
0.03956270843557452,0.1783239129561091,0.949742227203156,0.9893049356387306,291402,0.2978672043426154,0.11954329138650627,3,3,3,S1,W29U_5225D08BCA1DB372E74B864E
0.11500189017198803,0.08275792123743586,0.5725681268579026,0.6875700170298906,291402,0.7539233356050651,0.6711654143676292,4,3,3,S1,W29U_3B1DE5598F0CCCE7F61AFBE1
-0.1294801308582617,-0.0836250309646474,0.9452601866851832,0.8157800558269215,291402,0.25991023094348836,0.34353526190813577,3,3,3,S1,W29U_E8621BBB9863314435A966E1
0.10659353589692377,0.06308779373657492,0.5768248345346724,0.6834183704315961,291402,0.7408971468529375,0.6778093531163626,4,3,3,S1,W29U_0BDB0E4B75075FE966B69FDA
0.13746440909790303,0.09640979519569304,0.5571634960211567,0.6946279051190597,291402,0.7838895014543126,0.6874797062586195,4,3,4,S1,W29U_099BE3736653346E3715B34A
-0.005626657129516266,-0.10978613926432396,0.9770630580048246,0.9714364008753084,291402,0.19692190077241578,0.30670804003673974,3,3,3,S1,W29U_32F562E65836D385C8CB4933
0.05158410329763852,0.16817256251436877,0.9302562100606987,0.9818403133583372,291402,0.32421883136827767,0.1560462688539089,3,3,3,S1,W29U_BFAD2644EFC4F67B5A47D53E
0.044119002043521593,0.2688957689788542,0.950703201054194,0.9948222030977156,291402,0.3555813853244164,0.08668561634556221,3,3,3,S1,W29U_06C75BD11D18D5EDD00EABD8
0.08609125814427976,0.08690356655809461,0.8532997420806071,0.9393910002248869,291402,1.1025985579380886,1.015694991379994,4,3,3,S2,W29U_326073E5F43273FC845408A0
0.03922251320969539,0.6407669519338387,0.9536753226749513,0.9928978358846466,291402,0.7944631404303639,0.1536961884965252,4,3,4,S2,W29U_76811E4D88E5C2FA3ACD9DD3
0.06015361970195521,0.09802294900914199,0.9025302055567903,0.9626838252587455,291402,1.107069552395433,1.009046603386291,3,3,3,S2,W29U_7091BA5B54BA708C00866B17
0.20267594123630495,-0.019353655512622137,0.7501285520596999,0.9528044932960048,291402,1.2120404521977546,1.2313941077103767,2,3,2,S2,W29U_F7AB4F136A77970A34D1A43F
0.3234898484236278,0.8308610834128681,0.6642817570094178,0.9877716054330457,291402,0.9556497102641993,0.12478862685133119,4,3,4,S2,W29U_8E712C01124CEB485ECD2748
0.02638770009752167,0.6480659428591291,0.9688984830034169,0.9952861831009385,291402,1.4132609619510064,0.7651950190918773,4,2,2,S2,W29U_FA9D93D425F5C70A742F5E9C
0.47463175898568344,1.1656460998951605,0.48360534847625614,0.9582371074619396,291402,1.4355379298048718,0.26989182990971133,1,3,1,S2,W29U_A95DCDBC237EC90DA99443C6
0.01914716028015273,-0.059509546049984485,0.9636802014422038,0.9828273617223565,291402,0.7485146735566035,0.808024219606588,3,3,3,S2,W29U_75056D080DB9B6E897E24389
0.0495470185717507,0.7061493021578219,0.9457075158899547,0.9952545344617054,291402,0.795777369701655,0.08962806754383308,4,3,4,S2,W29U_5D3E6C4B86EA4699F1BA5BC9
0.12278690962915151,1.3751927479760342,0.8716350204655369,0.9944219300946884,291402,1.4622436642802097,0.08705091630417543,4,2,4,S2,W29U_F0BEB3AB1E28EE7E91693942
0.022289437324405026,0.770394233498175,0.9698643624334067,0.9921537997578117,291402,1.0044515996606238,0.23405736616244882,3,3,3,S2,W29U_5D7544863F07E544752F14A3
0.3496787600054452,1.0442967915124324,0.6356510548573722,0.9853298148628173,291402,1.1654800166119206,0.12118322509948823,3,3,3,S2,W29U_894380770DDE02AAD0312DF3
0.021172662014285804,0.6707215649631881,0.9784086082798518,0.9995812702941376,291402,0.7052793837861556,0.034557818822967545,4,3,4,S2,W29U_B580C1E61BF9DD2D208CAADD
0.08213448642765897,0.09975917800309497,0.8006544324656467,0.8827889188933057,291402,1.0043116175488314,0.9045524395457364,3,4,4,S2,W29U_2341959B2E16642BC6F095EA
0.39948553263746456,1.003533479022284,0.5719870280541117,0.9714725606915763,291402,1.3601572824039285,0.35662380338164457,1,2,2,S2,W29U_892DA025ACDFF84933321F20
0.10858120951393735,1.4662356798921539,0.8843912386693872,0.9929724481833245,291402,1.5737471147297626,0.1075114348376088,4,2,4,S2,W29U_73065A553DFE906571964300
0.28077344172797436,0.7465752166387758,0.6713867707436513,0.9521602124716256,291402,0.9710039626443616,0.22442874600558585,3,3,3,S2,W29U_C60ABF0DB56F7FBB9895074C
0.2536149857412875,1.2639273264928494,0.6649705277223296,0.918585513463617,291402,1.6428977086516137,0.3789703821587642,5,2,5,S2,W29U_3DF0E7AAB226AAD308C16CE9
0.02014978605750184,0.5041146147633826,0.9699816487831296,0.9901314348406315,291402,1.1011890380090108,0.5970744232456282,2,3,3,S2,W29U_BFB40E437B015FF1CAF06607
0.2657095436843797,0.5088415185507975,0.6920625563572285,0.9577721000416082,291402,1.4454067415846625,0.936565223033865,2,3,4,S2,W29U_CEE8A1F4EEDE37ED7EE387BD
0.020951780564437472,1.024437514523902,0.9745385726322162,0.9954903531966537,291402,1.1816762552534068,0.15723874072950492,2,3,2,S2,W29U_FDC8D87187069F82ADEA16CB
0.021868947520316095,0.055183079133204194,0.966659081662185,0.988528029182501,291402,0.5622767569902571,0.507093677857053,3,3,3,S2,W29U_930765BC222C77ED6DA8FCF1
0.33360234044891635,1.1656796991308405,0.6479237878913563,0.9815261283402726,291402,1.3080462137152662,0.14236651458442565,3,2,3,S2,W29U_8554CD43CD3B32615F3A644F
0.23515844304692113,-0.05505451376269854,0.7032702154717241,0.9384286585186452,291402,1.3473287953320494,1.402383309094748,5,2,2,S2,W29U_3312DE18215FD10EB1066B20
0.022531662373354133,0.8994574598779866,0.9755854329790586,0.9981170953524128,291402,1.1372578532010549,0.23780039332306824,4,2,4,S2,W29U_A2599D3295EC0563B06B9904
0.033195089572702674,1.1151384414717969,0.9630950962730944,0.9962901858457971,291402,1.233680284101604,0.11854184262980715,2,3,2,S2,W29U_61CA805816309171BA652E24
0.02347156153079244,0.8549228198605467,0.9755850041686047,0.9990565656993972,291402,0.9516807215332429,0.09675790167269614,3,3,4,S2,W29U_4A949BC43B7EBA039FBCF755
0.017348191588307915,1.0235774525184227,0.9783166526787711,0.995664844267079,291402,1.287283537419353,0.26370608490093017,3,2,4,S2,W29U_BAEA92E0AF8EFDA4A5D1A272
0.29834963912005696,0.6365320132867167,0.5908861049622165,0.8892357440822735,291402,0.933445694998533,0.29691368171181637,3,3,3,S2,W29U_7B66010E91B04E7D027A4DB1
0.06581751116568701,0.23250809651255278,0.8990098201597643,0.9648273313254513,291402,1.3029494338118313,1.0704413372992785,4,2,2,S2,W29U_C1EEFD3EC60839B7FC16C567
0.21662387101877012,0.16795003477442294,0.7025248105776313,0.9191486815964014,291402,1.5621651902932325,1.3942151555188096,5,2,2,S2,W29U_845964ADB660A765D929E61B
0.10466721729007644,0.6317829434540433,0.8882154350818163,0.9928826523718928,291402,0.7467141941618063,0.11493125070776304,4,4,4,S2,W29U_35C707ACB41E5A2BB2C7F4F4
0.0989409000514434,1.4785953474766977,0.8873934467447353,0.9863343467961787,291402,1.6274401845422628,0.14884483706556512,4,1,4,S2,W29U_949CC7C8E67B372BAFDBC304
0.00902234386219447,-0.2848257716637158,0.9794817667819483,0.9885041106441428,291402,0.7785918423227748,1.0634176139864906,4,3,2,S2,W29U_66B630D7911A20329B5E4CE5
0.03473599911231762,1.290475223714964,0.9578301204065536,0.9925661195188712,291402,1.4061154695119362,0.11564024579697231,4,2,4,S2,W29U_4AB8314629FC2762CF312EFA
0.07513179515018087,0.034690195445773675,0.8694532177202938,0.9445850128704747,291402,1.212692440096003,1.1780022446502294,2,3,3,S2,W29U_350A2A50D509582EE77C5BC2
0.07830266193804725,0.11654639873596884,0.8407275617633981,0.9190302237014454,291402,0.9150394287491105,0.7984930300131416,4,3,3,S2,W29U_900AA2BEA87870498EC902FB
0.05418808309717582,0.1489294460249,0.9043799827284902,0.958568065825666,291402,1.0831023655233147,0.9341729194984147,3,3,3,S2,W29U_A28F88AE9DF49C367E44FAD1
0.04754580485299276,0.7246237608142212,0.9492071773946305,0.9967529822476232,291402,0.7896548597773698,0.06503109896314863,4,3,4,S2,W29U_5D9D815DFF68050432EF99CA
0.0279085987767983,1.298073342705349,0.9716678188444907,0.999576417621289,291402,1.3452588103364826,0.04718546763113354,2,2,2,S2,W29U_5CE02771C093B1300C2D102D
0.0652122595442085,0.6849436869207268,0.9237251235865807,0.9889373831307892,291402,1.1693281895222218,0.48438450260149507,4,2,4,S2,W29U_08B2456A07EE4238C5B02531
0.04491106565337355,0.0027725854038744835,0.944246510631419,0.9891575762847925,291402,0.9694990596257979,0.9667264742219234,3,3,3,S2,W29U_DEE413EAB57AC5251CC94C3E
0.28050115988181334,0.7350437516948563,0.6126757921090892,0.8931769519909025,291402,1.0410291383102737,0.3059853866154174,3,3,3,S2,W29U_D81E592C61FB76827E183645
0.05252373498892704,1.6516139796226765,0.944792579850594,0.997316314839521,291402,1.7151605034663624,0.06354652384368586,4,1,4,S2,W29U_1132CA32846D8F057C579B58
0.06680121426405816,0.9960718227398141,0.9110873745901032,0.9778885888541614,291402,1.4727583203184567,0.47668649757864257,4,2,4,S2,W29U_FE6861630248BEA0B78E17F9
0.338738933753302,0.709455463835246,0.6432571128516476,0.9819960466049495,291402,0.9032413637898091,0.19378589995456305,4,4,4,S2,W29U_4B296E6D957772C67FE3C252
0.26980731108828226,0.33340156571222623,0.645305134624146,0.9151124457124282,291402,1.554226910702519,1.2208253449902928,2,3,4,S2,W29U_A7B8E37FC1BCCA0FFB6D7F9E
0.1593308086472507,0.5524290676159728,0.8251297823406376,0.9844605909878883,291402,1.3986063358573455,0.8461772682413727,1,2,3,S2,W29U_E40515EC2262E92D9B884A15
0.2051673696831915,0.0312807070327743,0.7314453335303702,0.9366127032135617,291402,1.1832052815101048,1.1519245744773305,3,3,3,S2,W29U_41FD60E27CD7FE165904AA23
0.010042154048777285,0.2420975557652647,0.9787890399587678,0.988831194007545,291402,0.8143399949809775,0.5722424392157128,3,3,4,S2,W29U_F38CAC611236E1EDC4F0B734
0.08212117270781283,-0.012280117326502582,0.8672010796517919,0.9493222523596048,291402,1.1012155190459807,1.1134956363724833,3,4,3,S2,W29U_253B572365B24FEC3BC50C3A
0.03329765524539152,1.2625532791727676,0.9658422957338137,0.9991399509792053,291402,1.2972054484626425,0.034652169289875,2,2,2,S2,W29U_9EC6A4D2F3C37960EF79F609
0.08172788169872147,0.4972483568303585,0.7072760199412472,0.7890039016399687,291402,1.125818136748277,0.6285697799179184,3,3,4,S2,W29U_2EE18F548561B5DF87AA953F
0.09090737604187638,-0.04241873560183962,0.8727276746709789,0.9636350507128553,291402,0.9447602784985096,0.9871790141003493,4,3,3,S2,W29U_03F715C9B2E6CAD085714748
0.028118229118383686,0.7213921603114618,0.9530385258806776,0.9811567549990613,291402,1.0360865389285865,0.3146943786171247,3,3,3,S2,W29U_6E1CE2BCDE6D0C1A10B6BCF1
0.3103144295096052,0.8315006632794548,0.6284704744328121,0.9387849039424173,291402,1.1195190017178023,0.2880183384383475,3,3,4,S2,W29U_B37F78D6C87C711025971C0A
0.2345008416587785,0.37364555226524926,0.6234706980556117,0.8579715397143902,291402,0.7895620332465969,0.41591648098134765,3,4,3,S2,W29U_BA8F0BBA7DD34894F52D8984
0.34364895850874344,0.8218680717220785,0.6225795386291951,0.9662284971379386,291402,1.0294995202215642,0.20763144849948573,3,3,3,S2,W29U_1A76051F68A035461FA58639
0.11074382930705473,1.2229223599624122,0.8822276519041264,0.9929714812111812,291402,1.3308624204502584,0.10794006048784628,4,2,4,S2,W29U_2E4321BF2DB1D8DD3E839BC4
0.10567263785915149,0.047130592806480465,0.7445537036934616,0.8502263415526131,291402,0.8529109040674887,0.8057803112610082,3,3,3,S2,W29U_F0D8813BABEB03235BE3F5F1
0.3022497806596105,0.8219908129011959,0.624824581505741,0.9270743621653516,291402,1.0597679355255194,0.23777712262432346,3,3,3,S2,W29U_75E1B5DFD8A7A539DE8FC900
0.1189816241666175,1.2512488975706848,0.8781983652089087,0.9971799893755262,291402,1.3092765954578702,0.05802769788718549,4,2,4,S2,W29U_9F64F2ED6522A8545701DEE2
0.03543328473366669,-0.005553165578949026,0.9513945024540296,0.9868277871876963,291402,0.9451888715052295,0.9507420370841785,3,3,3,S2,W29U_1B1E7F331C8C1B7B2435E8C2
0.0737990120558536,0.14338669640061763,0.8986492883533186,0.9724483004091722,291402,1.3358668070653943,1.1924801106647767,2,2,4,S2,W29U_8FEF3BAD240070F8614650A4
0.2855645629783271,0.3469278671250114,0.6422137980362098,0.9277783610145369,291403,0.6955247825919235,0.3485969154669121,4,4,4,S1,W29U_2B98D8963199CEBD39881CF3
0.03226880459980941,0.0927867680396518,0.941826695406353,0.9740955000061624,291403,0.2905853411416014,0.1977985731019496,4,4,4,S1,W29U_11EACAC0A69B433BE5335374
0.023041309081948902,0.05707764411317137,0.9424989932131798,0.9655403022951287,291403,0.22891289148988034,0.17183524737670897,5,4,4,S1,W29U_CDB45AA59812E048F89D1FEF
0.034002707275210486,0.09435764134843841,0.9482037956579403,0.9822065029331508,291403,0.22467328533992206,0.13031564399148365,4,4,4,S1,W29U_D8CFC7B512CCF79D00E3DA72
0.04469271228437299,0.16355665881007614,0.9538229099071838,0.9985156221915568,291403,0.19955383199236798,0.035997173182291856,4,4,4,S1,W29U_0C150BD91825DDE5B26260D3
0.15473729890182664,0.2923140536805587,0.8274379926842517,0.9821752915860783,291403,0.4271190313138104,0.13480497763325172,4,4,4,S1,W29U_2F5C149851D9AB038AA06566
0.140313009402679,0.10313072778728971,0.5696241765929789,0.7099371859956579,291403,0.5929687498566373,0.48983802206934757,4,4,4,S1,W29U_A3B6D3BDB73A7B2D4AE044E2
0.3385813483297684,0.27998710415245776,0.5611184829870527,0.8996998313168211,291403,0.6248246146141355,0.34483751046167777,5,4,5,S1,W29U_AC8C1DB17FDD8141A366E8D2
0.04836222183783345,0.08372853390987245,0.8368467901989733,0.8852090120368068,291403,0.412401473174068,0.32867293926419555,5,4,4,S1,W29U_B1AA4B604A313D5010E1A61F
0.11571985800733209,0.44002705172280165,0.6947683696199598,0.8104882276272919,291403,0.6361521759420733,0.19612512421927167,3,4,4,S1,W29U_4BC3ADADD4685C9154124B37
0.1429283078817244,0.2741276802891801,0.8279418057671719,0.9708701136488963,291403,0.43605764846953315,0.16192996818035305,4,4,4,S1,W29U_62F02A00E48B9E836FA9D0FE
0.2619490078610248,0.21747115755769242,0.5391987249810525,0.8011477328420773,291403,0.8493822911242687,0.6319111335665762,4,4,4,S1,W29U_E53925AE8D426CFBA11CA56F
0.11606204215634774,0.22511546799156223,0.8601559669714809,0.9762180091278286,291403,0.3555730815999151,0.13045761360835284,4,4,4,S1,W29U_5E9585B5B6DBFD2154636B70
0.12877794746190852,0.09554310876826944,0.5733210753006168,0.7020990227625253,291403,0.6117887003440938,0.5162455915758244,4,4,4,S1,W29U_E9525766D7F0FD19E74D6A7E
0.3682502185338945,0.32981351881768006,0.5575566614441672,0.9258068799780617,291403,0.641352194823916,0.31153867600623597,5,4,5,S1,W29U_BA70175A76438B66A59B5FB8
0.3580798318578353,0.3129103086959732,0.5640353381690365,0.9221151700268718,291403,0.6271560950567455,0.31424578636077233,5,4,5,S1,W29U_A972A9FE615861DB83C1C26E
0.19210794783524066,0.4551558326509998,0.680617400620187,0.8727253484554277,291403,0.6252871399297041,0.17013130727870426,3,4,4,S1,W29U_D72E64A6FE3FD6481A8DD4F3
0.023973349431802515,0.1160796205523703,0.9694810052354292,0.9934543546672318,291403,0.20873185087972962,0.09265223032735932,4,4,4,S1,W29U_AAD068AB87B51FB466F1641F
0.2775926543908954,0.42727532463350804,0.5957876385965503,0.8733802929874457,291403,0.5670914038580268,0.13981607922451877,4,4,4,S1,W29U_6CFF1D75487CD3A42D913977
0.1825064471530996,0.2422639903174441,0.736389128883024,0.9188955760361236,291403,0.46449441362852034,0.22223042331107623,4,4,5,S1,W29U_E39EA8A21758C10BCC5F4B25
0.05174315260046969,0.0855843788681393,0.8244037457951692,0.8761468983956389,291403,0.4321379652284178,0.3465535863602785,5,4,4,S1,W29U_C886BB9C0B293A1ED9758B14
-0.05148159311686695,0.035468863429457986,0.7321181158664061,0.6806365227495391,291403,0.631312066697427,0.595843203267969,4,4,4,S1,W29U_A5910054BB855156E9B32F8C
0.026638241991753353,0.08550600839490896,0.9456489329481977,0.9722871749399511,291403,0.26663302955097024,0.18112702115606127,4,4,4,S1,W29U_2A89DC488AD15CBE1249ED0D
0.02796044184259927,0.09313964854285298,0.9610948496544355,0.9890552914970347,291403,0.18101989974633836,0.08788025120348539,4,4,4,S1,W29U_9D11D773ABD3D5DDFD96D857
0.002993160159245334,0.11697945154786948,0.7282355127685656,0.7312286729278109,291403,0.6539063058499386,0.5369268543020691,4,4,4,S1,W29U_B52BC9EA0A5865F529FD944F
0.07112642256059498,0.1755236065427922,0.9005713752876889,0.9716977978482839,291403,0.3963497690311444,0.22082616248835218,4,4,4,S1,W29U_994622A6D5AD3781B8DCA5E7
0.16057149533539594,0.29031150968817193,0.8233361242248368,0.9839076195602328,291403,0.42127840586982057,0.13096689618164864,4,4,4,S1,W29U_35D26B470FA840A2B61FA7BD
0.20511894168869416,0.09762051368607222,0.7731538384178057,0.9782727801064999,291403,0.24886236100325224,0.15124184731718002,5,4,4,S1,W29U_D863F5D445E32C9CFE045647
0.061334435225829376,0.19295805166548413,0.9145677726732401,0.9759022078990695,291403,0.3877953830934475,0.1948373314279634,4,4,4,S1,W29U_30410D146F275D9B501A8D8B
0.23599474720658065,0.19293382093664335,0.7096726210613135,0.9456673682678941,291403,0.4574736740249241,0.26453985308828076,5,4,5,S1,W29U_AB05A2088E675A5855032D7A
0.07046807809605038,0.17623714967195261,0.9024906637177488,0.9729587418137992,291403,0.3848869932953593,0.2086498436234067,4,4,4,S1,W29U_CBC2DCAEF6675B5D9A70E2E5
0.2895784854305976,0.4148888339275616,0.6824821699496258,0.9720606553802235,291403,0.5981232448629648,0.18323441093540319,4,4,4,S1,W29U_21A4C462A4AB85B5ED8A8FB9
0.10102375512964468,0.10656398920490276,0.7898450984612879,0.8908688535909326,291403,0.24235322171188226,0.1357892325069795,5,4,4,S1,W29U_229702C2BCB73563FD30EE1D
0.07029589872428343,0.4207572515444508,0.6945679048269532,0.7648638035512366,291403,0.6308625370852196,0.21010528554076874,3,4,4,S1,W29U_3BDC39A40CA0FF75A3C3A3A6
0.04298362781558396,0.14653831031277817,0.954316047176966,0.99729967499255,291403,0.19564159961169778,0.049103289298919606,4,4,4,S1,W29U_4C6ED1EB798517953D0DC778
0.022552834472971295,0.10238251700132049,0.9678602086487758,0.990413043121747,291403,0.20669842725387838,0.10431591025255789,4,4,4,S1,W29U_75132999B0C6E0EEE43BA989
0.09706481451703441,0.11032344162032204,0.8131549546007143,0.9102197691177487,291403,0.5343553314537987,0.4240318898334766,4,4,4,S1,W29U_F6CAD417553B07D618F9E108
0.2181110409882966,0.17300590274186814,0.7362253667531705,0.9543364077414671,291403,0.4131595327131211,0.24015362997125297,5,4,4,S1,W29U_E5D1686A18607C9EE6DB4092
0.13043633179615433,0.07826102833672355,0.578265917132591,0.7087022489287453,291403,0.5890004416059068,0.5107394132691833,4,4,4,S1,W29U_93A1C9E34685B6807135F4C8
0.02065057901759282,0.09267882988743972,0.9699016918758189,0.9905522708934117,291403,0.1910569822556205,0.09837815236818079,4,4,4,S1,W29U_F2575FC5D972AB054D7C658A
0.28204165738842457,0.4036707944380694,0.6876570881252256,0.9696987455136502,291403,0.5915150404216705,0.18784424598360108,4,4,4,S1,W29U_0400BA4294543C5E4BC160A2
0.047473196051740385,0.09521577620437677,0.7953309565478179,0.8428041525995583,291403,0.22489157403154028,0.1296757978271635,5,4,4,S1,W29U_7A5126EDF2108BF759D41021
0.01656656773510834,0.07953894034154728,0.9726402822185019,0.9892068499536102,291403,0.17490015655363952,0.09536121621209225,4,4,4,S1,W29U_4542EF183B2513200195497A
0.030184272988888816,0.12364914197085042,0.9602265289485779,0.9904108019374667,291403,0.2664681329805939,0.1428189910097435,4,4,4,S1,W29U_1286685795C121BE6FFD658C
0.041310759869537805,0.1245455118977094,0.9404377146573023,0.9817484745268401,291403,0.28490881797506534,0.16036330607735594,4,4,4,S1,W29U_1EDF61048BA683FEF104C62A
0.06275212622085746,0.16816059977978554,0.9043584827970974,0.9671106090179549,291403,0.39127675491761355,0.223116155137828,4,4,4,S1,W29U_D215F181D8F005BABBB41D37
0.31695931116345333,0.2589042428972402,0.5776198795042555,0.8945791906677089,291403,0.6077685913327802,0.34886434843554,5,4,5,S1,W29U_339AD37DFA36D01C73FDFF3C
0.022839490005204688,0.12556550205011266,0.9693864526759762,0.9922259426811809,291403,0.2662210101817068,0.14065550813159414,4,4,4,S1,W29U_6E065B84AB4956262BB4BD6F
0.26877067435582314,0.24345441242599475,0.5409198922294499,0.809690566585273,291403,0.8468337093259216,0.6033792968999269,4,4,4,S1,W29U_927D329B3C584BE046A0AFEA
0.26150012883045326,0.2616127125445943,0.5330061733588197,0.794506302189273,291403,0.8631742537775985,0.6015615412330042,4,4,4,S1,W29U_B497E36FB07F5FA1D12D6681
0.35336624815545525,0.30426694116139874,0.5686742991791461,0.9220405473346014,291403,0.6229665313090273,0.3186995901476286,5,4,5,S1,W29U_C262155F67E1F514B8FA68C7
0.0951908637893194,0.21290603619515763,0.8605249809621114,0.9557158447514308,291403,0.5127597639076444,0.2998537277124868,4,4,4,S1,W29U_C9C26419E0818E40CBA4D6F3
0.23266815912223493,0.19888098872091298,0.7213662645493458,0.9540344236715808,291403,0.44356729966953223,0.24468631094861926,5,4,5,S1,W29U_C37CB46A6C677AD0D2838FA4
0.09445621218688982,0.23463683309993216,0.8676852934344609,0.9621415056213507,291403,0.5162543363395248,0.2816175032395926,4,4,4,S1,W29U_03C728A071DA819C6F3B21E4
0.3493716047780494,0.31101657551847106,0.5655745803686885,0.9149461851467379,291403,0.6371421377607467,0.3261255622422756,5,4,5,S1,W29U_C93146E96852E40F0233C116
0.0670897362516607,0.16248692388787023,0.9022177726745819,0.9693075089262426,291403,0.36647947471378883,0.2039925508259186,4,4,4,S1,W29U_3F4110C5508739D0A0562757
0.029905301782570115,0.15362263201458712,0.9624465938666356,0.9923518956492057,291403,0.29466275560180605,0.14104012358721893,4,4,4,S1,W29U_5225D08BCA1DB372E74B864E
0.10068769940003097,0.2288793091800938,0.8667143284699279,0.9674020278699589,291403,0.5131258201736277,0.28424651099353393,4,4,4,S1,W29U_3B1DE5598F0CCCE7F61AFBE1
0.044179495831938476,0.06754027257044054,0.8282194000703,0.8723988959022385,291403,0.41509314393238916,0.3475528713619486,5,4,4,S1,W29U_E8621BBB9863314435A966E1
0.09948287637085185,0.2402042932940615,0.8703556920032146,0.9698385683740665,291403,0.5212717294115549,0.28106743611749335,4,4,4,S1,W29U_0BDB0E4B75075FE966B69FDA
0.10609833607156893,0.24652720471623912,0.8524955540586647,0.9585938901302337,291403,0.5501459324486494,0.3036187277324103,4,4,4,S1,W29U_099BE3736653346E3715B34A
0.030055527366680934,0.16333588793848286,0.962589069739122,0.9926445971058029,291403,0.25899205848303175,0.0956561705445489,4,4,4,S1,W29U_32F562E65836D385C8CB4933
0.02968867457993185,0.16309204803062102,0.9634439019523675,0.9931325765322994,291403,0.3007662318960873,0.1376741838654663,4,4,4,S1,W29U_BFAD2644EFC4F67B5A47D53E
0.0333495254981544,0.14176690413186177,0.9570716609269765,0.9904211864251309,291403,0.2820188863975877,0.14025198226572594,4,4,4,S1,W29U_06C75BD11D18D5EDD00EABD8
0.19536877900985794,-0.29096558389114546,0.5321466066827903,0.7275153856926483,291403,0.8871728469612571,1.1781384308524026,3,4,2,S2,W29U_326073E5F43273FC845408A0
0.04235603648309216,0.8990026923998808,0.9557225245465382,0.9980785610296303,291403,0.957004817438069,0.05800212503818809,4,4,4,S2,W29U_76811E4D88E5C2FA3ACD9DD3
0.11954317357796695,-0.035586680396358816,0.8089954234496056,0.9285385970275726,291403,0.8628863918156379,0.8984730722119967,4,4,3,S2,W29U_7091BA5B54BA708C00866B17
0.05593397981769632,-0.16547393650001252,0.6390223974815918,0.6949563772992882,291403,0.8965087967215669,1.0619827332215794,4,4,2,S2,W29U_F7AB4F136A77970A34D1A43F
0.25796247202594913,0.9307219826616313,0.7340613735679158,0.9920238455938649,291403,1.0310345060527828,0.10031252339115153,4,4,4,S2,W29U_8E712C01124CEB485ECD2748
0.020819435768061112,1.098357504658035,0.9760115028790897,0.9968309386471508,291403,1.42777838644005,0.32942088178201495,3,1,3,S2,W29U_FA9D93D425F5C70A742F5E9C
0.14470190849544806,0.40370870810814374,0.7381684357299864,0.8828703442254344,291403,1.137497836087586,0.7337891279794423,4,3,5,S2,W29U_A95DCDBC237EC90DA99443C6
0.009157648101344007,-0.1268223084758564,0.9345241616288544,0.9436818097301984,291403,0.6056315680579343,0.7324538765337907,4,4,3,S2,W29U_75056D080DB9B6E897E24389
0.04198985093399099,0.5743764416598848,0.9567777071146678,0.9987675580486588,291403,0.6207798795484656,0.046403437888580853,4,4,4,S2,W29U_5D3E6C4B86EA4699F1BA5BC9
0.12449522612319985,1.4788659436738023,0.8737328152735693,0.9982280413967691,291403,1.5309544227183542,0.052088479044551876,4,2,4,S2,W29U_F0BEB3AB1E28EE7E91693942
0.06815061839287972,0.3934177375672253,0.9146792016630165,0.9828298200558963,291403,0.9434486241255337,0.5500308865583083,3,3,4,S2,W29U_5D7544863F07E544752F14A3
0.23793306824797034,0.8079034980534837,0.74500035917142,0.9829334274193904,291403,0.9349013733164725,0.1269978752629888,4,4,4,S2,W29U_894380770DDE02AAD0312DF3
0.016739723144991392,0.17939411701019636,0.9786652032605442,0.9954049264055356,291403,0.7077059294031238,0.5283118123929275,4,4,4,S2,W29U_B580C1E61BF9DD2D208CAADD
0.22418509153703126,0.04317595833904253,0.7026560566291733,0.9268411481662046,291403,1.151863221178484,1.1086872628394415,2,3,3,S2,W29U_2341959B2E16642BC6F095EA
0.19044618407246294,0.05018492197705693,0.7369765174407459,0.9274227015132088,291403,1.3758131966326386,1.3256282746555816,2,1,5,S2,W29U_892DA025ACDFF84933321F20
0.10697784214331996,1.6204301117289912,0.8876701231643249,0.9946479653076449,291403,1.7105493622279355,0.0901192504989444,4,1,4,S2,W29U_73065A553DFE906571964300
0.20336437859126022,0.3568457766824763,0.6440344625904586,0.8473988411817188,291403,0.8130234845635745,0.45617770788109824,4,4,4,S2,W29U_C60ABF0DB56F7FBB9895074C
0.236476535427821,0.14602221395270432,0.6800057333700276,0.9164822687978486,291403,1.5585867662233635,1.4125645522706591,5,2,1,S2,W29U_3DF0E7AAB226AAD308C16CE9
0.07277147948880325,0.4677369192547254,0.9076783724749391,0.9804498519637423,291403,1.0707910920351147,0.6030541727803893,3,2,4,S2,W29U_BFB40E437B015FF1CAF06607
0.33189239846528173,0.7149552151698908,0.6432812948093746,0.9751736932746563,291403,1.3666627028796217,0.6517074877097309,1,3,3,S2,W29U_CEE8A1F4EEDE37ED7EE387BD
0.01785542324673084,0.7169112087815253,0.9775514749471178,0.9954068981938486,291403,1.1996983220339141,0.4827871132523888,2,4,1,S2,W29U_FDC8D87187069F82ADEA16CB
0.035340648101088945,0.2434757025881924,0.9312112799687435,0.9665519280698325,291403,0.6814165931955888,0.4379408906073964,4,4,3,S2,W29U_930765BC222C77ED6DA8FCF1
0.25094012585508174,0.9598277529981699,0.7378358269663033,0.9887759528213851,291403,1.065440546394993,0.10561279339682308,4,3,4,S2,W29U_8554CD43CD3B32615F3A644F
0.2735210364835734,1.2353316615307566,0.6608330484093364,0.9343540848929098,291403,1.4828160104876462,0.2474843489568896,5,2,5,S2,W29U_3312DE18215FD10EB1066B20
0.019772284668932993,0.6717173917607947,0.9776957384103298,0.9974680230792627,291403,1.1039949292373799,0.43227753747658515,4,2,3,S2,W29U_A2599D3295EC0563B06B9904
0.022845674886348366,0.344418101040588,0.9689350401323376,0.9917807150186859,291403,1.3715029466923794,1.0270848456517914,2,4,4,S2,W29U_61CA805816309171BA652E24
0.016691413606300443,0.37515988161167846,0.9799411375238196,0.9966325511301201,291403,0.8212736120452606,0.44611373043358216,4,4,4,S2,W29U_4A949BC43B7EBA039FBCF755
0.027984777064570143,0.7082460722140068,0.9695122539662625,0.9974970310308326,291403,1.3327947639107123,0.6245486916967055,3,2,2,S2,W29U_BAEA92E0AF8EFDA4A5D1A272
0.11251469695960398,-0.18895382657704574,0.495497578231111,0.608012275190715,291403,0.9613784670967417,1.1503322936737874,3,4,3,S2,W29U_7B66010E91B04E7D027A4DB1
0.04155996579718657,0.9981886977394989,0.939794599702191,0.9813545654993776,291403,1.1345650946269021,0.1363763968874032,4,3,4,S2,W29U_C1EEFD3EC60839B7FC16C567
0.261521807038699,1.5181902779759324,0.6677792955074238,0.9293011025461227,291403,1.7550331119901639,0.23684283401423148,5,1,5,S2,W29U_845964ADB660A765D929E61B
0.08435000538356119,0.7784611777198847,0.9058072939277048,0.990157299311266,291403,0.9008270858108928,0.12236590809100806,4,4,4,S2,W29U_35C707ACB41E5A2BB2C7F4F4
0.10522967380457815,1.7152498127047082,0.8902839202795838,0.995513594084162,291403,1.8015258120838302,0.0862759993791221,4,1,4,S2,W29U_949CC7C8E67B372BAFDBC304
0.016171980113628304,0.42105657830414955,0.9815253191537087,0.997697299267337,291403,0.7492709270731261,0.3282143487689766,4,4,4,S2,W29U_66B630D7911A20329B5E4CE5
0.047408240220564446,1.641373848186502,0.9508990397125388,0.9983072799331032,291403,1.7023853711435624,0.06101152295706052,4,1,4,S2,W29U_4AB8314629FC2762CF312EFA
0.1507707359774817,0.10743814706061672,0.765890462690733,0.9166611986682147,291403,0.9587135875898142,0.8512754405291975,4,3,3,S2,W29U_350A2A50D509582EE77C5BC2
0.1485087425106172,-0.48076664360072174,0.5652581480794576,0.7137668905900748,291403,0.7871392808273844,1.2679059244281061,3,4,2,S2,W29U_900AA2BEA87870498EC902FB
0.11896971982616156,-0.0009716937640433798,0.811179502976608,0.9301492228027696,291403,0.8648482418178849,0.8658199355819283,4,4,3,S2,W29U_A28F88AE9DF49C367E44FAD1
0.04286572737776073,0.41577824692222837,0.9553779108728492,0.9982436382506099,291403,0.47326306621434716,0.05748481929211878,4,4,4,S2,W29U_5D9D815DFF68050432EF99CA
0.021832602301945614,0.49099664327615866,0.9715673801787088,0.9933999824806544,291403,1.3621277205988476,0.8711310773226889,1,1,3,S2,W29U_5CE02771C093B1300C2D102D
0.06364676594777219,0.8100946370360398,0.9246358461017582,0.9882826120495304,291403,1.2513035294627821,0.4412088924267424,4,2,4,S2,W29U_08B2456A07EE4238C5B02531
0.030794364102073146,-0.0569869008032049,0.8910202863891712,0.9218146504912443,291403,1.0715228763714435,1.1285097771746484,3,3,3,S2,W29U_DEE413EAB57AC5251CC94C3E
0.3702699541644092,0.8718222868140327,0.554616871860665,0.9248868260250742,291403,1.1783454143862424,0.3065231275722097,4,2,3,S2,W29U_D81E592C61FB76827E183645
0.054420495180075634,1.7252464650301593,0.9448283115869195,0.9992488067669951,291403,1.7627828721696586,0.037536407139499336,4,1,4,S2,W29U_1132CA32846D8F057C579B58
0.06518122444269703,1.3590038822375219,0.9233798936397047,0.9885611180824018,291403,1.574634385836401,0.2156305035988791,4,1,4,S2,W29U_FE6861630248BEA0B78E17F9
0.2805325662346011,1.1975822947058228,0.7115231507334664,0.9920557169680675,291403,1.3004621924251638,0.10287989771934113,4,3,4,S2,W29U_4B296E6D957772C67FE3C252
0.29855730223925736,1.2740236922225967,0.6817577953088039,0.9803150975480612,291403,1.4167718462586003,0.14274815403600355,2,3,2,S2,W29U_A7B8E37FC1BCCA0FFB6D7F9E
0.11141743612184363,1.3024542242119745,0.8860130646749582,0.9974305007968018,291403,1.5385036262840772,0.2360494020721026,1,3,1,S2,W29U_E40515EC2262E92D9B884A15
0.05539685201355116,0.18562424071884753,0.5879018537526812,0.6432987057662324,291403,1.2130844737622755,1.027460233043428,4,2,3,S2,W29U_41FD60E27CD7FE165904AA23
0.018103127583350642,0.8883868851599623,0.9801465778022947,0.9982497053856454,291403,1.1428699532781161,0.25448306811815385,3,3,2,S2,W29U_F38CAC611236E1EDC4F0B734
0.14996649063458345,0.10569712941776976,0.7746199664772772,0.9245864571118606,291403,1.0745583616309735,0.9688612322132037,4,3,3,S2,W29U_253B572365B24FEC3BC50C3A
0.025234006652450236,1.3667286666563914,0.9743087466707373,0.9995427533231875,291403,1.4265887374642496,0.05986007080785821,1,3,2,S2,W29U_9EC6A4D2F3C37960EF79F609
0.2437205061893648,0.1970821078647471,0.5728278631106111,0.8165483692999759,291403,1.2025024692827522,1.005420361418005,3,4,4,S2,W29U_2EE18F548561B5DF87AA953F
0.14735564954675262,-0.11202096659937077,0.5492353817956934,0.696591031342446,291403,1.083184315391337,1.1952052819907077,3,3,2,S2,W29U_03F715C9B2E6CAD085714748
0.06224183421405827,-0.11465199276299176,0.8955713676385523,0.9578132018526105,291403,0.7485223874803969,0.8631743802433887,3,4,2,S2,W29U_6E1CE2BCDE6D0C1A10B6BCF1
0.12603900341247265,0.30321637427764203,0.5840760635251206,0.7101150669375933,291403,1.0891595572380623,0.7859431829604203,4,3,3,S2,W29U_B37F78D6C87C711025971C0A
0.07126923479609143,-0.1379771140288355,0.49180013964934227,0.5630693744454337,291403,1.0011305350976156,1.1391076491264511,4,3,3,S2,W29U_BA8F0BBA7DD34894F52D8984
0.23481718622819814,0.3603911219605327,0.5305827032011365,0.7653998894293347,291403,0.8921038526366772,0.5317127306761446,3,3,4,S2,W29U_1A76051F68A035461FA58639
0.12198385432832093,1.5583716116329338,0.8707773970422592,0.9927612513705801,291403,1.6621385811893052,0.10376696955637132,4,1,4,S2,W29U_2E4321BF2DB1D8DD3E839BC4
0.07098754231317794,0.21337376035902533,0.7333732426857229,0.8043607849989008,291403,1.0405224175224632,0.8271486571634379,4,3,3,S2,W29U_F0D8813BABEB03235BE3F5F1
0.1476186659012717,-0.19168599816285437,0.5867721827969423,0.734390848698214,291403,0.9415942443118394,1.1332802424746937,4,3,3,S2,W29U_75E1B5DFD8A7A539DE8FC900
0.0898265063088326,0.9824312890039896,0.9086271275079971,0.9984536338168297,291403,1.0265807181634545,0.044149429159464994,4,3,4,S2,W29U_9F64F2ED6522A8545701DEE2
0.03127275601104795,-0.03521207503268364,0.8634413141803593,0.8947140701914073,291403,1.1139228987052272,1.1491349737379108,3,3,3,S2,W29U_1B1E7F331C8C1B7B2435E8C2
0.11214353821071876,1.3099893680874184,0.8861395245028568,0.9982830627135756,291403,1.3611776199152004,0.05118825182778203,1,1,1,S2,W29U_8FEF3BAD240070F8614650A4
-0.0019709630561746128,0.013468853545418269,0.6099176486619692,0.6079466856057946,291404,0.712994281983869,0.6995254284384508,5,5,5,S1,W29U_2B98D8963199CEBD39881CF3
-0.037851613170657106,-0.07469586239359763,0.9772150676310797,0.9393634544604226,291404,0.13787843061991586,0.2125742930135135,4,4,4,S1,W29U_11EACAC0A69B433BE5335374
-0.011676673668959303,-0.09861012324100195,0.9921407720928027,0.9804640984238434,291404,0.10345148364045413,0.20206160688145608,5,5,4,S1,W29U_CDB45AA59812E048F89D1FEF
-0.03663198247508892,-0.06461727572774845,0.9791371525545906,0.9425051700795016,291404,0.11296276747253647,0.17758004320028492,4,4,4,S1,W29U_D8CFC7B512CCF79D00E3DA72
0.014670799081642927,0.05918277839251519,0.9754367950909442,0.9901075941725871,291404,0.17579952715159963,0.11661674875908444,5,5,4,S1,W29U_0C150BD91825DDE5B26260D3
0.10392698808572087,0.1879803767990041,0.869464957263537,0.9733919453492579,291404,0.3898626428633643,0.20188226606436022,4,5,4,S1,W29U_2F5C149851D9AB038AA06566
-0.0941390839816052,-0.12586012245446854,0.6950735223911862,0.600934438409581,291404,0.5315942788455583,0.6574544013000269,4,4,4,S1,W29U_A3B6D3BDB73A7B2D4AE044E2
0.17681052070190795,0.2770370608341465,0.7648397757775642,0.9416502964794722,291404,0.5852791542114837,0.3082420933773372,4,5,4,S1,W29U_AC8C1DB17FDD8141A366E8D2
-0.036127489126853374,-0.0774617878056757,0.9710072524217676,0.9348797632949142,291404,0.19380699323438472,0.2712687810400604,5,4,4,S1,W29U_B1AA4B604A313D5010E1A61F
-0.04569965488994032,-0.07118171462218087,0.8614281280517251,0.8157284731617848,291404,0.4940284506545634,0.5652101652767443,5,5,4,S1,W29U_4BC3ADADD4685C9154124B37
0.1044674428467699,0.1828964156123887,0.8640827877505584,0.9685502305973283,291404,0.42187976352303636,0.23898334791064765,4,4,4,S1,W29U_62F02A00E48B9E836FA9D0FE
-0.15564921791168407,-0.1875047501494333,0.7795406986847702,0.6238914807730861,291404,0.47961034543240816,0.6671150955818415,4,5,5,S1,W29U_E53925AE8D426CFBA11CA56F
0.06840100265469762,0.007378011936545303,0.8999096868861373,0.9683106895408349,291404,0.22343533518558217,0.21605732324903687,4,4,4,S1,W29U_5E9585B5B6DBFD2154636B70
-0.06785445912901744,-0.10235814901446894,0.6392606504209202,0.5714061912919027,291404,0.5515337940348959,0.6538919430493648,4,5,5,S1,W29U_E9525766D7F0FD19E74D6A7E
0.18146969436228833,0.3004551447408699,0.766729241079285,0.9481989354415733,291404,0.5799220499747981,0.27946690523392825,4,5,4,S1,W29U_BA70175A76438B66A59B5FB8
0.1905181034807255,0.3035569543330328,0.7592669241401734,0.9497850276208989,291404,0.5877449121302228,0.28418795779719,4,4,4,S1,W29U_A972A9FE615861DB83C1C26E
-0.04714982672255397,-0.08030800392368864,0.8588399087966506,0.8116900820740967,291404,0.4942017998310727,0.5745098037547614,5,5,4,S1,W29U_D72E64A6FE3FD6481A8DD4F3
-0.00822787010552073,-0.01611734615167315,0.9849938437862786,0.9767659736807579,291404,0.1352047329234345,0.15132207907510764,4,4,4,S1,W29U_AAD068AB87B51FB466F1641F
0.31918202041591565,0.2627550511699229,0.4514632905723868,0.7706453109883025,291404,1.0356664936955948,0.7729114425256719,5,4,5,S1,W29U_6CFF1D75487CD3A42D913977
0.029816313673628914,0.0040392569774875264,0.742055498001675,0.7718718116753039,291404,0.635167329205941,0.6311280722284535,4,4,4,S1,W29U_E39EA8A21758C10BCC5F4B25
-0.05031960805700064,-0.1266479836736029,0.9679788480382031,0.9176592399812025,291404,0.20600042654047998,0.33264841021408287,5,5,4,S1,W29U_C886BB9C0B293A1ED9758B14
-0.01656671376210639,-0.045649401071746976,0.7134062877366412,0.6968395739745348,291404,0.6900213215823648,0.7356707226541118,5,4,4,S1,W29U_A5910054BB855156E9B32F8C
-0.03431215188887671,-0.06428546119780648,0.9764347069783414,0.9421225550894647,291404,0.14723206547724305,0.21151752667504953,4,5,4,S1,W29U_2A89DC488AD15CBE1249ED0D
0.008626910679738309,-0.007558469958820563,0.9819911253793207,0.990618036059059,291404,0.11024060510915094,0.1177990750679715,4,4,4,S1,W29U_9D11D773ABD3D5DDFD96D857
-0.026167952793245908,-0.05027411738161969,0.703075165528263,0.6769072127350171,291404,0.6889837676426386,0.7392578850242583,5,5,4,S1,W29U_B52BC9EA0A5865F529FD944F
-0.011757915278748476,-0.02131248207693809,0.8813176648371158,0.8695597495583673,291404,0.4603126778891537,0.4816251599660918,5,4,4,S1,W29U_994622A6D5AD3781B8DCA5E7
0.10551136812557216,0.1812178699083688,0.868869849068347,0.9743812171939191,291404,0.3729136681552264,0.19169579824685762,4,5,4,S1,W29U_35D26B470FA840A2B61FA7BD
0.018736641665463072,0.07526189857513993,0.9721293448598942,0.9908659865253573,291404,0.18920848733878984,0.11394658876364991,4,4,4,S1,W29U_D863F5D445E32C9CFE045647
-0.0033516099283165124,-0.055257545816060405,0.9180754457113647,0.9147238357830482,291404,0.37045316993633437,0.4257107157523948,5,5,4,S1,W29U_30410D146F275D9B501A8D8B
0.04499457399488693,0.01637489621883692,0.7926047661352735,0.8375993401301605,291404,0.528599111560293,0.5122242153414561,4,5,4,S1,W29U_AB05A2088E675A5855032D7A
0.003532830923402286,-0.02618313225108143,0.9279219553048715,0.9314547862282738,291404,0.35902735299182276,0.3852104852429042,5,4,4,S1,W29U_CBC2DCAEF6675B5D9A70E2E5
0.06537958552533718,0.03178777623309381,0.5105693574570256,0.5759489429823628,291404,0.8370186393603695,0.8052308631272757,4,4,4,S1,W29U_21A4C462A4AB85B5ED8A8FB9
0.018790892571180384,0.06853381338197301,0.9648959625678077,0.9836868551389881,291404,0.20801762743626562,0.1394838140542926,4,4,4,S1,W29U_229702C2BCB73563FD30EE1D
-0.05049100945107865,-0.08182027219890431,0.8674158035232093,0.8169247940721307,291404,0.48373847056613284,0.5655587427650371,5,5,4,S1,W29U_3BDC39A40CA0FF75A3C3A3A6
0.025388554222291804,0.06842489168083486,0.9657331754285252,0.991121729650817,291404,0.1649995858334132,0.09657469415257834,4,4,4,S1,W29U_4C6ED1EB798517953D0DC778
-0.004701467524159009,-0.05435551434314437,0.9832168221422066,0.9785153546180476,291404,0.15883150750943062,0.213187021852575,5,5,4,S1,W29U_75132999B0C6E0EEE43BA989
-0.09473099559227383,-0.14613418583704157,0.9216027955533941,0.8268717999611203,291404,0.26781594937257586,0.41395013520961743,4,5,5,S1,W29U_F6CAD417553B07D618F9E108
0.060604969744581516,0.0346080616291457,0.8253935678526559,0.8859985375972375,291404,0.5030592913022685,0.46845122967312275,5,5,4,S1,W29U_E5D1686A18607C9EE6DB4092
-0.12349419839673703,-0.09129317672117143,0.7857845829342128,0.6622903845374758,291404,0.5511852287365933,0.6424784054577647,5,5,5,S1,W29U_93A1C9E34685B6807135F4C8
-0.005324896330502482,-0.03550141831140988,0.9859761513550118,0.9806512550245093,291404,0.14640394719522312,0.181905365506633,5,4,4,S1,W29U_F2575FC5D972AB054D7C658A
0.06441994986582622,0.03167756233094632,0.5069217699744408,0.571341719840267,291404,0.8421913758291643,0.8105138134982179,4,4,4,S1,W29U_0400BA4294543C5E4BC160A2
0.01723086126039819,0.07295964548757444,0.9741783282790786,0.9914091895394768,291404,0.1799674066300748,0.10700776114250035,4,4,4,S1,W29U_7A5126EDF2108BF759D41021
-0.007701728153171716,-0.03545196100067838,0.9854939955602617,0.97779226740709,291404,0.14130527422172573,0.1767572352224041,5,4,4,S1,W29U_4542EF183B2513200195497A
0.01401866196862156,0.0023665077554526626,0.946036529318475,0.9600551912870966,291404,0.25507975002235855,0.2527132422669059,5,4,4,S1,W29U_1286685795C121BE6FFD658C
-0.040315845939681516,-0.06572974239353148,0.9788540399089944,0.9385381939693129,291404,0.12437861301203808,0.19010835540556956,4,4,4,S1,W29U_1EDF61048BA683FEF104C62A
-0.00988343007576864,-0.03269280719630224,0.911473431279554,0.9015900012037854,291404,0.3960884683699381,0.42878127556624035,5,5,4,S1,W29U_D215F181D8F005BABBB41D37
0.18980523821109108,0.26618939396575786,0.7587511938656835,0.9485564320767745,291404,0.5729623466201337,0.3067729526543758,4,4,4,S1,W29U_339AD37DFA36D01C73FDFF3C
0.010461999515239406,-0.0029813423605722367,0.9449833352269273,0.9554453347421668,291404,0.26539348478938796,0.2683748271499602,5,5,5,S1,W29U_6E065B84AB4956262BB4BD6F
-0.15055304310519624,-0.16549863486362398,0.7707438930583755,0.6201908499531793,291404,0.4997226170888009,0.6652212519524249,4,5,5,S1,W29U_927D329B3C584BE046A0AFEA
-0.14408594063125824,-0.14668764397612066,0.7548041291230967,0.6107181884918385,291404,0.5330366872868576,0.6797243312629783,4,5,5,S1,W29U_B497E36FB07F5FA1D12D6681
0.18379462200240793,0.29905380714945534,0.7663023423620717,0.9500969643644797,291404,0.5829485566643271,0.28389474951487176,4,4,4,S1,W29U_C262155F67E1F514B8FA68C7
0.013949355399434205,0.002804994341483402,0.8434353279698392,0.8573846833692734,291404,0.5133211821109224,0.510516187769439,5,5,5,S1,W29U_C9C26419E0818E40CBA4D6F3
0.05142862509873969,0.016552549106297332,0.7999246369457923,0.851353262044532,291404,0.5528173411723253,0.536264792066028,5,4,4,S1,W29U_C37CB46A6C677AD0D2838FA4
0.03750518982724638,0.04333790096193446,0.830464280121428,0.8679694699486744,291404,0.524399640082221,0.4810617391202865,5,5,5,S1,W29U_03C728A071DA819C6F3B21E4
0.15688303660036518,0.25312827029769297,0.7888929785325994,0.9457760151329646,291404,0.5419192843374996,0.2887910140398066,4,4,4,S1,W29U_C93146E96852E40F0233C116
0.0043500826234442735,-0.013345270471525728,0.9331423106296064,0.9374923932530507,291404,0.3449134436028949,0.3582587140744206,5,4,4,S1,W29U_3F4110C5508739D0A0562757
-0.0003698666800171502,-0.023632181594302692,0.943869452760904,0.9434995860808868,291404,0.2730224683753378,0.29665464996964047,5,5,4,S1,W29U_5225D08BCA1DB372E74B864E
0.016057773916300477,0.014130718813288534,0.8845651195349294,0.9006228934512299,291404,0.4600197756307833,0.44588905681749474,5,4,4,S1,W29U_3B1DE5598F0CCCE7F61AFBE1
-0.04222677152215493,-0.092151594313274,0.9628665146784303,0.9206397431562754,291404,0.21722336279648233,0.3093749571097563,5,5,4,S1,W29U_E8621BBB9863314435A966E1
0.03194393044091026,0.039935178225016243,0.8681668155498674,0.9001107459907777,291404,0.4839994262775582,0.44406424805254197,5,4,5,S1,W29U_0BDB0E4B75075FE966B69FDA
0.010869447718944603,0.002465203523863424,0.8669042701390708,0.8777737178580154,291404,0.49198467724923456,0.48951947372537113,5,5,5,S1,W29U_099BE3736653346E3715B34A
-0.014981087452658581,-0.002657090466357731,0.9620026594481509,0.9470215719954923,291404,0.1733119872890295,0.17596907775538723,4,5,4,S1,W29U_32F562E65836D385C8CB4933
0.007944007303769318,-0.005147696661243817,0.9440954468585316,0.952039454162301,291404,0.28596054615813365,0.29110824281937747,5,5,4,S1,W29U_BFAD2644EFC4F67B5A47D53E
0.0043360843391241355,-0.01261509200969066,0.9528626185074959,0.95719870284662,291404,0.24168581831369637,0.25430091032338703,5,4,4,S1,W29U_06C75BD11D18D5EDD00EABD8
0.011529700810920862,-0.008885647520490259,0.7313379594572276,0.7428676602681484,291404,0.887934266257471,0.8968199137779612,4,3,3,S2,W29U_326073E5F43273FC845408A0
0.0024674652246223783,0.12042195950516665,0.934037743618904,0.9365052088435264,291404,0.7851340605467104,0.6647121010415438,4,4,4,S2,W29U_76811E4D88E5C2FA3ACD9DD3
-0.006815701857702194,0.00040899361148316604,0.9341480227126872,0.927332320854985,291404,0.9529010141694871,0.952492020558004,3,3,3,S2,W29U_7091BA5B54BA708C00866B17
0.03575675904834019,0.025210999054464334,0.7842845858737336,0.8200413449220738,291404,0.9417067537272196,0.9164957546727552,3,3,3,S2,W29U_F7AB4F136A77970A34D1A43F
-0.019379069893838863,-0.5761538688490574,0.785904382153074,0.7665253122592351,291404,0.914665089961514,1.4908189588105714,4,4,3,S2,W29U_8E712C01124CEB485ECD2748
-0.01036962828393817,0.5505617447137138,0.9856857367271553,0.9753161084432171,291404,1.250933121046541,0.7003713763328273,4,2,4,S2,W29U_FA9D93D425F5C70A742F5E9C
-0.07199407332279806,-0.050370561367862665,0.7672778042554439,0.6952837309326458,291404,1.2746012225006291,1.3249717838684918,3,4,4,S2,W29U_A95DCDBC237EC90DA99443C6
0.0038749829419952864,0.10447539796039884,0.9690821479131179,0.9729571308551132,291404,0.7913614382965053,0.6868860403361065,3,3,3,S2,W29U_75056D080DB9B6E897E24389
0.07551990876452797,0.6249123710550187,0.9235313054956802,0.9990512142602082,291404,0.6621207717967098,0.037208400741691065,4,4,4,S2,W29U_5D3E6C4B86EA4699F1BA5BC9
0.11813737381398659,1.5960419562726935,0.8763932089522838,0.9945305827662704,291404,1.6919223792947342,0.09588042302204078,5,1,5,S2,W29U_F0BEB3AB1E28EE7E91693942
0.0045280899207641445,0.15947319592629694,0.9795579102502696,0.9840860001710338,291404,0.7208937010276286,0.5614205051013317,3,3,3,S2,W29U_5D7544863F07E544752F14A3
0.23029399080049162,1.044598372720806,0.7481593198056746,0.9784533106061662,291404,1.1962697767442816,0.1516714040234758,5,3,5,S2,W29U_894380770DDE02AAD0312DF3
0.002734295188110747,-0.11070711568657271,0.981185141320748,0.9839194365088587,291404,0.38438382656802306,0.49509094225459577,4,4,4,S2,W29U_B580C1E61BF9DD2D208CAADD
0.006885440371254825,0.00127697474670041,0.8702461930762245,0.8771316334474794,291404,0.9654264803069766,0.9641495055602762,3,3,3,S2,W29U_2341959B2E16642BC6F095EA
-0.04973328885451245,0.0160732535248731,0.8248687359612716,0.7751354471067592,291404,1.355511051660236,1.339437798135363,4,2,2,S2,W29U_892DA025ACDFF84933321F20
0.003877432772017464,0.25111137703095276,0.9291938791980532,0.9330713119700706,291404,1.3802692087204587,1.129157831689506,4,3,3,S2,W29U_73065A553DFE906571964300
0.17281903619966943,0.37428375635545574,0.46667361130207097,0.6394926475017404,291404,1.192411490037246,0.8181277336817903,4,3,3,S2,W29U_C60ABF0DB56F7FBB9895074C
-0.05383218012765778,0.6156412170828652,0.7743299358514448,0.720497755723787,291404,1.5927311910854125,0.9770899740025473,5,1,4,S2,W29U_3DF0E7AAB226AAD308C16CE9
0.002219799477406248,0.02772072186204877,0.9751223046991435,0.9773421041765498,291404,0.9265711785244904,0.8988504566624417,3,3,3,S2,W29U_BFB40E437B015FF1CAF06607
0.23559794179937643,0.8531080786797365,0.7315928404765879,0.9671907822759643,291404,1.308705956302519,0.4555978776227824,3,4,4,S2,W29U_CEE8A1F4EEDE37ED7EE387BD
0.03134469838024123,0.16795792783283914,0.9587973574213008,0.990142055801542,291404,1.2147133490771276,1.0467554212442884,3,4,4,S2,W29U_FDC8D87187069F82ADEA16CB
0.0055607293754504905,-0.0049499226171610955,0.9733965511612334,0.9789572805366838,291404,0.8622246078651451,0.8671745304823062,3,3,3,S2,W29U_930765BC222C77ED6DA8FCF1
0.2318846356101707,1.0460306966036592,0.7484309735952305,0.9803156092054012,291404,1.1866119132035113,0.14058121659985207,5,3,5,S2,W29U_8554CD43CD3B32615F3A644F
0.14416712947134513,0.4233366322735481,0.8030599556731328,0.947227085144478,291404,1.2108774744211348,0.7875408421475867,4,3,3,S2,W29U_3312DE18215FD10EB1066B20
0.014944597277158023,1.1414600621049902,0.9836205241534246,0.9985651214305826,291404,1.2024791502507777,0.06101908814578756,4,2,4,S2,W29U_A2599D3295EC0563B06B9904
-0.03785051800112682,-0.02735559837577317,0.9637404952491833,0.9258899772480564,291404,1.313595300686201,1.340950899061974,2,4,4,S2,W29U_61CA805816309171BA652E24
0.0039794373837480634,-0.5511512730668683,0.9882164351392233,0.9921958725229714,291404,0.6627134580694402,1.2138647311363084,4,4,2,S2,W29U_4A949BC43B7EBA039FBCF755
-0.01826943239850265,-0.045752634850003915,0.9929964667480673,0.9747270343495646,291404,0.9817922277060862,1.0275448625560901,4,3,4,S2,W29U_BAEA92E0AF8EFDA4A5D1A272
0.09894524073884814,0.023565748552668908,0.5579675123150983,0.6569127530539465,291404,1.0218885619428277,0.9983228133901588,3,3,3,S2,W29U_7B66010E91B04E7D027A4DB1
0.00252537769139749,-0.5311981408446362,0.8585399847329181,0.8610653624243156,291404,1.0997772315095355,1.6309753723541718,5,3,1,S2,W29U_C1EEFD3EC60839B7FC16C567
0.1299143202425902,1.0120267695617398,0.8068981732206687,0.9368124934632589,291404,1.3714627006387607,0.35943593107702093,4,2,4,S2,W29U_845964ADB660A765D929E61B
-0.0178325817665137,-0.42599102184509563,0.9465371426377079,0.9287045608711942,291404,0.833892706947612,1.2598837287927076,4,4,3,S2,W29U_35C707ACB41E5A2BB2C7F4F4
0.003256553027181419,0.94870589384665,0.9174960678238313,0.9207526208510127,291404,1.7208708170775355,0.7721649232308855,4,2,4,S2,W29U_949CC7C8E67B372BAFDBC304
-0.0006951286662782996,-0.505136178549068,0.9877181842664358,0.9870230556001575,291404,0.5881815123087686,1.0933176908578366,4,4,2,S2,W29U_66B630D7911A20329B5E4CE5
-0.006194880146781712,0.5629246468029123,0.95158559712853,0.9453907169817483,291404,1.5177194791921353,0.954794832389223,4,2,4,S2,W29U_4AB8314629FC2762CF312EFA
0.004397731279415007,-0.0047141827414817206,0.9182532553930759,0.9226509866724909,291404,0.9483309705966245,0.9530451533381062,3,3,3,S2,W29U_350A2A50D509582EE77C5BC2
0.009949271813715299,0.0014551118257175588,0.7198965894188795,0.7298458612325948,291404,0.923637127150122,0.9221820153244045,3,3,3,S2,W29U_900AA2BEA87870498EC902FB
-0.002772367489556893,-0.0031591757643598672,0.9417858920454184,0.9390135245558615,291404,1.0544232960116457,1.0575824717760056,3,3,3,S2,W29U_A28F88AE9DF49C367E44FAD1
-0.0030492033852647094,-0.4582229846356054,0.943403283129199,0.9403540797439343,291404,0.7802351766543631,1.2384581612899686,4,4,3,S2,W29U_5D9D815DFF68050432EF99CA
0.009517263602725534,1.1681585300586328,0.987818427911475,0.9973356915142005,291404,1.345577341636884,0.1774188115782511,2,2,1,S2,W29U_5CE02771C093B1300C2D102D
0.049537384287254405,0.5403217751268515,0.9398817039703385,0.989419088257593,291404,1.101604458000866,0.5612826828740144,4,3,4,S2,W29U_08B2456A07EE4238C5B02531
0.036266645953066945,0.03521643590813095,0.9037686772414224,0.9400353231944893,291404,0.8985407027893598,0.8633242668812289,3,3,3,S2,W29U_DEE413EAB57AC5251CC94C3E
0.13881329340145643,0.3632391404027308,0.533135869516219,0.6719491629176755,291404,0.8450873134708903,0.48184817306815947,3,3,4,S2,W29U_D81E592C61FB76827E183645
0.07076661463755829,1.736081055863511,0.9279588538126649,0.9987254684502231,291404,1.7820308386302495,0.04594978276673849,4,1,4,S2,W29U_1132CA32846D8F057C579B58
0.20931831961512848,0.5864573562906974,0.7692218132439219,0.9785401328590504,291404,1.4262011286532468,0.8397437723625494,5,2,3,S2,W29U_FE6861630248BEA0B78E17F9
-0.07033490528412267,-0.37140324682113945,0.7523741215237483,0.6820392162396256,291404,1.1592742680520747,1.5306775148732141,4,3,2,S2,W29U_4B296E6D957772C67FE3C252
0.13812165251080055,0.028848794921221943,0.735862623200617,0.8739842757114176,291404,1.450512898829719,1.421664103908497,2,4,4,S2,W29U_A7B8E37FC1BCCA0FFB6D7F9E
-0.035076028487869726,-0.2105563853503858,0.9257304510492133,0.8906544225613435,291404,1.362299763920734,1.5728561492711197,2,2,4,S2,W29U_E40515EC2262E92D9B884A15
0.04806953249199253,0.030160163553006547,0.7943458145169414,0.842415347008934,291404,1.024206891851126,0.9940467282981195,3,3,3,S2,W29U_41FD60E27CD7FE165904AA23
-0.0010843850731750981,0.4702571673740602,0.9904521409381394,0.9893677558649643,291404,0.848196061187258,0.3779388938131978,4,4,4,S2,W29U_F38CAC611236E1EDC4F0B734
0.008615435445625153,-0.0009577896248944562,0.923853605676379,0.9324690411220041,291404,0.935084927868779,0.9360427174936734,3,3,3,S2,W29U_253B572365B24FEC3BC50C3A
-0.34688702064476595,-0.13922272605313402,0.9829297245583242,0.6360427039135582,291404,1.4070405227275462,1.5462632487806802,2,3,4,S2,W29U_9EC6A4D2F3C37960EF79F609
-0.007275173729712092,0.01022628204571463,0.8498462215644841,0.842571047834772,291404,0.9468354040306617,0.9366091219849471,3,3,3,S2,W29U_2EE18F548561B5DF87AA953F
0.005670076102861632,-0.00911048481905119,0.8060102404702674,0.811680316573129,291404,0.9322267361014175,0.9413372209204687,3,3,3,S2,W29U_03F715C9B2E6CAD085714748
-0.000585464590247331,-0.005771061377077946,0.9659558756682395,0.9653704110779922,291404,0.7564813603498158,0.7622524217268938,3,3,3,S2,W29U_6E1CE2BCDE6D0C1A10B6BCF1
0.21320410949694546,0.4216818829307132,0.4568413665005193,0.6700454759974648,291404,1.1540482430091898,0.7323663600784767,4,3,3,S2,W29U_B37F78D6C87C711025971C0A
0.09184517321465313,0.1336250672295014,0.5411836064015111,0.6330287796161642,291404,1.0803834864635855,0.9467584192340841,3,3,3,S2,W29U_BA8F0BBA7DD34894F52D8984
0.2689910009309373,0.4985263114322688,0.5203428144597605,0.7893338153906978,291404,0.9371401073838166,0.4386137959515478,3,3,3,S2,W29U_1A76051F68A035461FA58639
0.005310879118665901,0.15561870883354367,0.9239612322476579,0.9292721113663238,291404,1.733159657645891,1.5775409488123473,4,1,2,S2,W29U_2E4321BF2DB1D8DD3E839BC4
0.0574612211829677,0.07463022225016758,0.6494711774237979,0.7069323986067656,291404,0.9798446112762638,0.9052143890260962,3,3,3,S2,W29U_F0D8813BABEB03235BE3F5F1
0.11496884504420352,0.07785988158607471,0.47499159767343785,0.5899604427176414,291404,1.0660544246839299,0.9881945430978551,3,3,3,S2,W29U_75E1B5DFD8A7A539DE8FC900
0.09752282965815984,1.4756657448209982,0.897367319613706,0.9948901492718658,291404,1.5638165699696835,0.08815082514868527,5,2,5,S2,W29U_9F64F2ED6522A8545701DEE2
0.050988972131684185,0.1384759752987017,0.8768956165965994,0.9278845887282836,291404,0.9164058812651869,0.7779299059664851,3,3,3,S2,W29U_1B1E7F331C8C1B7B2435E8C2
0.0443413313117178,-0.025495328174027554,0.9171048717163413,0.961446203028059,291404,1.355154789117978,1.3806501172920056,2,1,4,S2,W29U_8FEF3BAD240070F8614650A4
