checkpoint,stratum,unit_id,native_CF_r90,S_F_CF,S_P_CF,S_P_F,Delta_Align,Delta_PF_Align,dR_F_CF,dR_P_CF,dR_P_F,Delta_d,source_record_index
291402,S1,W29U_2B98D8963199CEBD39881CF3,4,0.41807673268564655,0.76223100367286,0.4985516767074036,0.34415427098721346,0.5014483232925964,0.8875941593311782,0.5539972737950214,0.9484112272012308,0.33359688553615685,0
291402,S1,W29U_11EACAC0A69B433BE5335374,4,0.9754615680301215,0.9945388407855733,0.9621276441404112,0.01907727275545179,0.03787235585958881,0.13007020481678808,0.08718181065685485,0.19025779475536517,0.04288839415993323,1
291402,S1,W29U_CDB45AA59812E048F89D1FEF,3,0.9906481405035592,0.9962874347200685,0.9798741256322027,0.005639294216509327,0.020125874367797336,0.15370350928541485,0.07980264646332469,0.22070478197889043,0.07390086282209016,2
291402,S1,W29U_D8CFC7B512CCF79D00E3DA72,3,0.9864704873341695,0.9949360450879515,0.9718171604499727,0.008465557753781994,0.028182839550027317,0.15526775034537937,0.09525394125140489,0.23323172804391845,0.06001380909397448,3
291402,S1,W29U_0C150BD91825DDE5B26260D3,4,0.9069622533520754,0.9886389220761901,0.9326900162768621,0.08167666872411472,0.0673099837231379,0.3055050501404774,0.10858123000763067,0.2806867574301914,0.19692382013284673,4
291402,S1,W29U_2F5C149851D9AB038AA06566,3,0.6267650765680687,0.7649214045248037,0.7358378502617171,0.13815632795673505,0.2641621497382829,0.8036526592739958,0.5283706369149674,0.5540473228861537,0.2752820223590283,5
291402,S1,W29U_A3B6D3BDB73A7B2D4AE044E2,3,0.8223167703592117,0.7462469160769781,0.6208205958090615,-0.07606985428223356,0.37917940419093854,0.46265487138145694,0.5503336893210428,0.7724797003357939,-0.08767881793958582,6
291402,S1,W29U_AC8C1DB17FDD8141A366E8D2,4,0.5508599582152385,0.8307945885995569,0.5435080506570804,0.27993463038431843,0.4564919493429196,0.845363200767159,0.7712560435712313,1.0812229788943628,0.07410715719592764,7
291402,S1,W29U_B1AA4B604A313D5010E1A61F,3,0.9455641635040183,0.9584854729691425,0.8633020648230563,0.012921309465124264,0.13669793517694373,0.35428955995023903,0.19121704584101334,0.41767994027874683,0.16307251410922569,8
291402,S1,W29U_4BC3ADADD4685C9154124B37,4,0.8383629358693545,0.7143984108763473,0.6212872955942416,-0.12396452499300725,0.37871270440575844,0.5036404409264246,0.5639909016347624,0.7071949014438265,-0.06035046070833783,9
291402,S1,W29U_62F02A00E48B9E836FA9D0FE,3,0.628721221701889,0.9524045998118283,0.6354011104067018,0.3236833781099393,0.3645988895932982,0.8374189193043666,0.3006736971770441,0.7004466617291524,0.5367452221273226,10
291402,S1,W29U_E53925AE8D426CFBA11CA56F,4,0.7543641089237928,0.9263140901621061,0.6658777940785989,0.1719499812383133,0.33412220592140107,0.5565737139500672,0.25891576696574337,0.6744295858788106,0.2976579469843238,11
291402,S1,W29U_5E9585B5B6DBFD2154636B70,3,0.7120120653513836,0.9098398229477511,0.7530037589994244,0.1978277575963675,0.2469962410005756,0.7632643338977322,0.34815620376834283,0.5430058014836388,0.41510813012938935,12
291402,S1,W29U_E9525766D7F0FD19E74D6A7E,3,0.7138758005571164,0.8450902467799034,0.5692001107859338,0.131214446222787,0.4307998892140662,0.5476719797616856,0.4051386674789654,0.8435345509044764,0.1425333122827202,13
291402,S1,W29U_BA70175A76438B66A59B5FB8,4,0.5345438197639398,0.8360577460994225,0.5223211917899808,0.3015139263354827,0.4776788082100192,0.8798190485934502,0.718988932941155,1.0599713518228546,0.1608301156522952,14
291402,S1,W29U_A972A9FE615861DB83C1C26E,4,0.5277415692175542,0.827513912567829,0.5268249335701436,0.2997723433502748,0.4731750664298564,0.8425349112490358,0.7660171717810741,1.0673793407142282,0.0765177394679617,15
291402,S1,W29U_D72E64A6FE3FD6481A8DD4F3,4,0.8488741891904786,0.7313904877658322,0.595779910155409,-0.11748370142464648,0.404220089844591,0.4961312577573081,0.551529220657113,0.7806477857297774,-0.055397962899804865,16
291402,S1,W29U_AAD068AB87B51FB466F1641F,3,0.9805524501730446,0.9752149466426876,0.9756725661441297,-0.005337503530357002,0.02432743385587033,0.1854839750992552,0.2368294424146562,0.20320969122047827,-0.05134546731540099,17
291402,S1,W29U_6CFF1D75487CD3A42D913977,4,0.5607663065670008,0.9666410853345381,0.612088760887091,0.4058747787675373,0.38791123911290903,0.762403706866718,0.16861787811343376,0.7704672994946548,0.5937858287532842,18
291402,S1,W29U_E39EA8A21758C10BCC5F4B25,4,0.5636269967350566,0.9662124829386629,0.5642643378010465,0.40258548620360635,0.43573566219895354,0.6905727277122025,0.22908670424174438,0.6582217974554868,0.4614860234704581,19
291402,S1,W29U_C886BB9C0B293A1ED9758B14,3,0.9643598732156414,0.9693330781765551,0.9169141200569181,0.004973204960913691,0.08308587994308192,0.2833413912388385,0.2189569198040343,0.3055595520137,0.06438447143480419,20
291402,S1,W29U_A5910054BB855156E9B32F8C,3,0.837729936912492,0.7182074363539884,0.5715060613467136,-0.11952250055850355,0.42849393865328644,0.49501372957322365,0.5616257360085437,0.7708534870931788,-0.06661200643532006,21
291402,S1,W29U_2A89DC488AD15CBE1249ED0D,4,0.9741683078383814,0.9936774158568245,0.9585013993426403,0.019509108018443078,0.04149860065735966,0.1346120702915709,0.09525212544601287,0.20417285096153825,0.039359944845558034,22
291402,S1,W29U_9D11D773ABD3D5DDFD96D857,3,0.9228788254735013,0.9936947638502335,0.9492400217039344,0.07081593837673217,0.0507599782960656,0.4100962575344859,0.1253741210655549,0.3052152863276792,0.284722136468931,23
291402,S1,W29U_B52BC9EA0A5865F529FD944F,3,0.8654331369769267,0.5913234912137942,0.5402644857800615,-0.27410964576313246,0.4597355142199385,0.5568746370332861,0.6765163780296728,0.7656883126340135,-0.11964174099638669,24
291402,S1,W29U_994622A6D5AD3781B8DCA5E7,3,0.9275490309304383,0.6372204334945675,0.6587295757953534,-0.2903285974358708,0.3412704242046466,0.479042670081505,0.6040614570311161,0.5373950735357764,-0.12501878694961116,25
291402,S1,W29U_35D26B470FA840A2B61FA7BD,4,0.6722793132708051,0.8653215737440904,0.7979843181797268,0.1930422604732852,0.20201568182027319,0.7713727645590547,0.5012188629510174,0.531975965153726,0.2701539016080373,26
291402,S1,W29U_D863F5D445E32C9CFE045647,4,0.8722716899979837,0.9867039032738298,0.9239164559990323,0.11443221327584618,0.07608354400096773,0.3133229893383538,0.10698569070188864,0.23312754048197387,0.20633729863646516,27
291402,S1,W29U_30410D146F275D9B501A8D8B,3,0.9575127648964233,0.9466998921867651,0.9404991151716762,-0.01081287270965825,0.05950088482832383,0.3463520815800783,0.4446338660944401,0.34245190583447377,-0.09828178451436181,28
291402,S1,W29U_AB05A2088E675A5855032D7A,4,0.5467600785464737,0.9423973034850348,0.6501217145868279,0.3956372249385611,0.3498782854131721,0.7239671235438233,0.32892014606876874,0.5469538737701476,0.3950469774750546,29
291402,S1,W29U_CBC2DCAEF6675B5D9A70E2E5,3,0.9557733165384614,0.9197364536905942,0.8937203303564454,-0.036036862847867224,0.10627966964355462,0.3407568791083561,0.3740545266873943,0.3563499331144111,-0.03329764757903819,30
291402,S1,W29U_21A4C462A4AB85B5ED8A8FB9,3,0.4608938301237322,0.9480954461981742,0.5308104470874523,0.487201616074442,0.4691895529125477,0.7961400033611576,0.21063017807858606,0.7680032127601728,0.5855098252825716,31
291402,S1,W29U_229702C2BCB73563FD30EE1D,4,0.8458549626139532,0.9890809967401949,0.8932068920289137,0.14322603412624169,0.10679310797108632,0.36271181147182924,0.10345756148295665,0.29474192832333224,0.2592542499888726,32
291402,S1,W29U_3BDC39A40CA0FF75A3C3A3A6,4,0.8432305728636456,0.7140691329267332,0.5884110250118292,-0.12916143993691231,0.4115889749881708,0.5136206708218048,0.5570460717817428,0.7629698684520013,-0.043425400959937965,33
291402,S1,W29U_4C6ED1EB798517953D0DC778,4,0.8522515711316289,0.9738680566664892,0.9184162289782356,0.12161648553486037,0.0815837710217644,0.3469591205354608,0.15677282031965678,0.24171970528546122,0.19018630021580402,34
291402,S1,W29U_75132999B0C6E0EEE43BA989,3,0.9843716836392516,0.9628406610659436,0.9789465520003233,-0.02153102257330808,0.021053447999676678,0.21152113116768162,0.32681793282454624,0.1944245324673155,-0.11529680165686462,35
291402,S1,W29U_F6CAD417553B07D618F9E108,4,0.916951407440741,0.9840224400165403,0.8803109203871857,0.06707103257579927,0.11968907961281428,0.2716107951646078,0.152480650667111,0.37608391041335937,0.11913014449749679,36
291402,S1,W29U_E5D1686A18607C9EE6DB4092,4,0.5525750507506116,0.9404623243179009,0.6462974008414915,0.38788727356728925,0.35370259915850855,0.701755239867466,0.32763409433435814,0.5198698814762376,0.3741211455331079,37
291402,S1,W29U_93A1C9E34685B6807135F4C8,3,0.6908029840033691,0.9160744730744739,0.565742021247293,0.22527148907110472,0.434257978752707,0.6645073824333786,0.3240579562752569,0.8384169321363703,0.3404494261581217,38
291402,S1,W29U_F2575FC5D972AB054D7C658A,3,0.9819864625476434,0.9528917193826297,0.9756268663379366,-0.029094743165013703,0.024373133662063395,0.25755084686058716,0.3750376836780114,0.2090348365428411,-0.11748683681742422,39
291402,S1,W29U_0400BA4294543C5E4BC160A2,4,0.44959979668259936,0.9565004705422302,0.5143686623777051,0.5069006738596309,0.48563133762229493,0.8358981376458219,0.23031385895734002,0.8036768803666317,0.6055842786884819,40
291402,S1,W29U_7A5126EDF2108BF759D41021,4,0.8866020688298807,0.9890232774757646,0.9320726654533443,0.10242120864588389,0.06792733454665567,0.2986179679199165,0.09851467820004729,0.22478594963111811,0.20010328971986924,41
291402,S1,W29U_4542EF183B2513200195497A,3,0.9808805730419077,0.9499678978915899,0.9742963286857709,-0.030912675150317814,0.025703671314229126,0.21745740168706845,0.31646691845324476,0.206821174453698,-0.09900951676617631,42
291402,S1,W29U_1286685795C121BE6FFD658C,3,0.9520060500223572,0.9920393410817548,0.9696400585588485,0.04003329105939768,0.030359941441151506,0.3326875832839919,0.10903929585508983,0.2737834085334212,0.22364828742890208,43
291402,S1,W29U_1EDF61048BA683FEF104C62A,4,0.9764741666711577,0.9948590013100996,0.9657459945424667,0.018384834638941916,0.03425400545753332,0.1312165120171877,0.08843453451332203,0.19285769214646634,0.04278197750386567,44
291402,S1,W29U_D215F181D8F005BABBB41D37,3,0.9458213951226647,0.6786725383248173,0.6988536872835649,-0.2671488567978474,0.3011463127164351,0.44812985071679534,0.6043133477850346,0.4196138275219745,-0.1561834970682393,45
291402,S1,W29U_339AD37DFA36D01C73FDFF3C,4,0.5086286310415127,0.8507479378870331,0.5262454203166668,0.3421193068455204,0.47375457968333323,0.7576261509851271,0.5239338287811907,0.913460892624102,0.23369232220393643,46
291402,S1,W29U_6E065B84AB4956262BB4BD6F,3,0.9153978769991857,0.9869146715694042,0.9506971637305487,0.07151679457021842,0.04930283626945131,0.42182530533347773,0.17331972174651264,0.2938125203837236,0.2485055835869651,47
291402,S1,W29U_927D329B3C584BE046A0AFEA,4,0.7007254744289744,0.929721773235504,0.6423850188796453,0.2289962988065296,0.3576149811203547,0.6019605436897836,0.29680628291373895,0.6367934949152856,0.30515426077604463,48
291402,S1,W29U_B497E36FB07F5FA1D12D6681,4,0.7478077001801308,0.9207199531120247,0.6842834052206335,0.17291225293189394,0.31571659477936653,0.5763546456446479,0.28127928752113307,0.6446544665991174,0.2950753581235148,49
291402,S1,W29U_C262155F67E1F514B8FA68C7,4,0.5359392862350932,0.8285075283708011,0.5311603325156297,0.29256824213570787,0.46883966748437034,0.8398436867349818,0.7670860925387327,1.0708553220429011,0.07275759419624905,50
291402,S1,W29U_C9C26419E0818E40CBA4D6F3,4,0.5493453860335585,0.7175576424329024,0.776921917730099,0.1682122563993439,0.223078082269901,0.8377190628529213,0.7160330564905972,0.5731769132254205,0.12168600636232407,51
291402,S1,W29U_C37CB46A6C677AD0D2838FA4,4,0.5426090340000332,0.9650611680783605,0.5952612178058814,0.42245213407832727,0.40473878219411863,0.7336608258013477,0.321309620949595,0.5547824923719514,0.41235120485175275,52
291402,S1,W29U_03C728A071DA819C6F3B21E4,4,0.5521636171436733,0.6825811176248388,0.8583810529614584,0.1304175004811654,0.1416189470385416,0.789658935190997,0.7209209874942591,0.3939544521441495,0.0687379476967378,53
291402,S1,W29U_C93146E96852E40F0233C116,4,0.5741357007273484,0.8471091320922728,0.5753173262643164,0.27297343136492436,0.4246826737356836,0.7707736142158078,0.5773840579621758,0.9556437803875875,0.19338955625363197,54
291402,S1,W29U_3F4110C5508739D0A0562757,3,0.9377176517743419,0.7210706304644251,0.7380330788858123,-0.21664702130991675,0.26196692111418773,0.522281176024214,0.5977656288378455,0.3770212189783773,-0.07548445281363148,55
291402,S1,W29U_5225D08BCA1DB372E74B864E,3,0.949742227203156,0.9893049356387306,0.9726826298381605,0.03956270843557452,0.02731737016183955,0.2978672043426154,0.11954329138650627,0.256778226773297,0.1783239129561091,56
291402,S1,W29U_3B1DE5598F0CCCE7F61AFBE1,4,0.5725681268579026,0.6875700170298906,0.8757677832539182,0.11500189017198803,0.12423221674608176,0.7539233356050651,0.6711654143676292,0.4405174928512551,0.08275792123743586,57
291402,S1,W29U_E8621BBB9863314435A966E1,3,0.9452601866851832,0.8157800558269215,0.7096521586473002,-0.1294801308582617,0.29034784135269975,0.25991023094348836,0.34353526190813577,0.532673495552843,-0.0836250309646474,58
291402,S1,W29U_0BDB0E4B75075FE966B69FDA,4,0.5768248345346724,0.6834183704315961,0.8686966053365376,0.10659353589692377,0.1313033946634624,0.7408971468529375,0.6778093531163626,0.48738669862385253,0.06308779373657492,59
291402,S1,W29U_099BE3736653346E3715B34A,4,0.5571634960211567,0.6946279051190597,0.827421074196485,0.13746440909790303,0.17257892580351497,0.7838895014543126,0.6874797062586195,0.45379976346220674,0.09640979519569304,60
291402,S1,W29U_32F562E65836D385C8CB4933,3,0.9770630580048246,0.9714364008753084,0.9790367874439997,-0.005626657129516266,0.02096321255600031,0.19692190077241578,0.30670804003673974,0.22770643010960204,-0.10978613926432396,61
291402,S1,W29U_BFAD2644EFC4F67B5A47D53E,3,0.9302562100606987,0.9818403133583372,0.9715749524395587,0.05158410329763852,0.028425047560441286,0.32421883136827767,0.1560462688539089,0.2641090092399788,0.16817256251436877,62
291402,S1,W29U_06C75BD11D18D5EDD00EABD8,3,0.950703201054194,0.9948222030977156,0.9651659697753995,0.044119002043521593,0.03483403022460052,0.3555813853244164,0.08668561634556221,0.3114469091118083,0.2688957689788542,63
291402,S2,W29U_326073E5F43273FC845408A0,4,0.8532997420806071,0.9393910002248869,0.9595931103043092,0.08609125814427976,0.04040688969569084,1.1025985579380886,1.015694991379994,1.094996131436458,0.08690356655809461,64
291402,S2,W29U_76811E4D88E5C2FA3ACD9DD3,4,0.9536753226749513,0.9928978358846466,0.9646311682197116,0.03922251320969539,0.03536883178028838,0.7944631404303639,0.1536961884965252,0.7560462902306959,0.6407669519338387,65
291402,S2,W29U_7091BA5B54BA708C00866B17,3,0.9025302055567903,0.9626838252587455,0.9717706318140927,0.06015361970195521,0.028229368185907266,1.107069552395433,1.009046603386291,1.0811854647576928,0.09802294900914199,66
291402,S2,W29U_F7AB4F136A77970A34D1A43F,2,0.7501285520596999,0.9528044932960048,0.8574516957945759,0.20267594123630495,0.14254830420542408,1.2120404521977546,1.2313941077103767,1.2533816387466166,-0.019353655512622137,67
291402,S2,W29U_8E712C01124CEB485ECD2748,4,0.6642817570094178,0.9877716054330457,0.6472365744234697,0.3234898484236278,0.3527634255765303,0.9556497102641993,0.12478862685133119,0.9779943466305315,0.8308610834128681,68
291402,S2,W29U_FA9D93D425F5C70A742F5E9C,4,0.9688984830034169,0.9952861831009385,0.9579132854061281,0.02638770009752167,0.04208671459387192,1.4132609619510064,0.7651950190918773,1.301160552314365,0.6480659428591291,69
291402,S2,W29U_A95DCDBC237EC90DA99443C6,1,0.48360534847625614,0.9582371074619396,0.3563459419329673,0.47463175898568344,0.6436540580670327,1.4355379298048718,0.26989182990971133,1.4964669488805948,1.1656460998951605,70
291402,S2,W29U_75056D080DB9B6E897E24389,3,0.9636802014422038,0.9828273617223565,0.9919396698699284,0.01914716028015273,0.008060330130071569,0.7485146735566035,0.808024219606588,0.2575915535623253,-0.059509546049984485,71
291402,S2,W29U_5D3E6C4B86EA4699F1BA5BC9,4,0.9457075158899547,0.9952545344617054,0.9458689985954694,0.0495470185717507,0.05413100140453064,0.795777369701655,0.08962806754383308,0.7856654969707219,0.7061493021578219,72
291402,S2,W29U_F0BEB3AB1E28EE7E91693942,4,0.8716350204655369,0.9944219300946884,0.8763225747774493,0.12278690962915151,0.12367742522255065,1.4622436642802097,0.08705091630417543,1.441032825386053,1.3751927479760342,73
291402,S2,W29U_5D7544863F07E544752F14A3,3,0.9698643624334067,0.9921537997578117,0.9830684318336088,0.022289437324405026,0.016931568166391187,1.0044515996606238,0.23405736616244882,0.8553027587417149,0.770394233498175,74
291402,S2,W29U_894380770DDE02AAD0312DF3,3,0.6356510548573722,0.9853298148628173,0.6588445873995544,0.3496787600054452,0.3411554126004456,1.1654800166119206,0.12118322509948823,1.1390982898964224,1.0442967915124324,75
291402,S2,W29U_B580C1E61BF9DD2D208CAADD,4,0.9784086082798518,0.9995812702941376,0.9773805237095288,0.021172662014285804,0.02261947629047123,0.7052793837861556,0.034557818822967545,0.6933118844416247,0.6707215649631881,76
291402,S2,W29U_2341959B2E16642BC6F095EA,3,0.8006544324656467,0.8827889188933057,0.9682918041102176,0.08213448642765897,0.031708195889782353,1.0043116175488314,0.9045524395457364,0.48962755937027763,0.09975917800309497,77
291402,S2,W29U_892DA025ACDFF84933321F20,1,0.5719870280541117,0.9714725606915763,0.48320304720637464,0.39948553263746456,0.5167969527936254,1.3601572824039285,0.35662380338164457,1.3803603448272204,1.003533479022284,78
291402,S2,W29U_73065A553DFE906571964300,4,0.8843912386693872,0.9929724481833245,0.8470906444306148,0.10858120951393735,0.15290935556938523,1.5737471147297626,0.1075114348376088,1.5660879384193016,1.4662356798921539,79
291402,S2,W29U_C60ABF0DB56F7FBB9895074C,3,0.6713867707436513,0.9521602124716256,0.7671362659409579,0.28077344172797436,0.23286373405904215,0.9710039626443616,0.22442874600558585,0.9171621798911369,0.7465752166387758,80
291402,S2,W29U_3DF0E7AAB226AAD308C16CE9,5,0.6649705277223296,0.918585513463617,0.5908510997349093,0.2536149857412875,0.40914890026509065,1.6428977086516137,0.3789703821587642,1.6640702707162225,1.2639273264928494,81
291402,S2,W29U_BFB40E437B015FF1CAF06607,2,0.9699816487831296,0.9901314348406315,0.9873205958409249,0.02014978605750184,0.012679404159075092,1.1011890380090108,0.5970744232456282,0.7629302928722764,0.5041146147633826,82
291402,S2,W29U_CEE8A1F4EEDE37ED7EE387BD,2,0.6920625563572285,0.9577721000416082,0.7207604106390167,0.2657095436843797,0.27923958936098325,1.4454067415846625,0.936565223033865,0.9523236504708875,0.5088415185507975,83
291402,S2,W29U_FDC8D87187069F82ADEA16CB,2,0.9745385726322162,0.9954903531966537,0.9734517085675076,0.020951780564437472,0.026548291432492377,1.1816762552534068,0.15723874072950492,1.2688133191349145,1.024437514523902,84
291402,S2,W29U_930765BC222C77ED6DA8FCF1,3,0.966659081662185,0.988528029182501,0.9862861047591784,0.021868947520316095,0.01371389524082156,0.5622767569902571,0.507093677857053,0.709269747301086,0.055183079133204194,85
291402,S2,W29U_8554CD43CD3B32615F3A644F,3,0.6479237878913563,0.9815261283402726,0.6826018403103409,0.33360234044891635,0.3173981596896591,1.3080462137152662,0.14236651458442565,1.2796696417454332,1.1656796991308405,86
291402,S2,W29U_3312DE18215FD10EB1066B20,5,0.7032702154717241,0.9384286585186452,0.7954274928437279,0.23515844304692113,0.20457250715627207,1.3473287953320494,1.402383309094748,1.3282703048615372,-0.05505451376269854,87
291402,S2,W29U_A2599D3295EC0563B06B9904,4,0.9755854329790586,0.9981170953524128,0.976640466076788,0.022531662373354133,0.023359533923211995,1.1372578532010549,0.23780039332306824,1.125389814727987,0.8994574598779866,88
291402,S2,W29U_61CA805816309171BA652E24,2,0.9630950962730944,0.9962901858457971,0.9684710687981906,0.033195089572702674,0.03152893120180944,1.233680284101604,0.11854184262980715,1.2784454172661606,1.1151384414717969,89
291402,S2,W29U_4A949BC43B7EBA039FBCF755,3,0.9755850041686047,0.9990565656993972,0.9756363788667014,0.02347156153079244,0.024363621133298596,0.9516807215332429,0.09675790167269614,0.9100189293417528,0.8549228198605467,90
291402,S2,W29U_BAEA92E0AF8EFDA4A5D1A272,3,0.9783166526787711,0.995664844267079,0.9694698258859016,0.017348191588307915,0.03053017411409842,1.287283537419353,0.26370608490093017,1.3137564798591317,1.0235774525184227,91
291402,S2,W29U_7B66010E91B04E7D027A4DB1,3,0.5908861049622165,0.8892357440822735,0.6900949802910521,0.29834963912005696,0.3099050197089479,0.933445694998533,0.29691368171181637,0.8980530486179745,0.6365320132867167,92
291402,S2,W29U_C1EEFD3EC60839B7FC16C567,4,0.8990098201597643,0.9648273313254513,0.8349233417908504,0.06581751116568701,0.16507665820914963,1.3029494338118313,1.0704413372992785,1.286702547858923,0.23250809651255278,93
291402,S2,W29U_845964ADB660A765D929E61B,5,0.7025248105776313,0.9191486815964014,0.8192841701973629,0.21662387101877012,0.18071582980263712,1.5621651902932325,1.3942151555188096,1.3327205956848518,0.16795003477442294,94
291402,S2,W29U_35C707ACB41E5A2BB2C7F4F4,4,0.8882154350818163,0.9928826523718928,0.8541033322872793,0.10466721729007644,0.1458966677127207,0.7467141941618063,0.11493125070776304,0.7630330323487485,0.6317829434540433,95
291402,S2,W29U_949CC7C8E67B372BAFDBC304,4,0.8873934467447353,0.9863343467961787,0.8312026716445953,0.0989409000514434,0.16879732835540473,1.6274401845422628,0.14884483706556512,1.60736073728753,1.4785953474766977,96
291402,S2,W29U_66B630D7911A20329B5E4CE5,4,0.9794817667819483,0.9885041106441428,0.9675422374263062,0.00902234386219447,0.032457762573693816,0.7785918423227748,1.0634176139864906,1.2512272105219173,-0.2848257716637158,97
291402,S2,W29U_4AB8314629FC2762CF312EFA,4,0.9578301204065536,0.9925661195188712,0.9289849348141046,0.03473599911231762,0.0710150651858954,1.4061154695119362,0.11564024579697231,1.383548460109015,1.290475223714964,98
291402,S2,W29U_350A2A50D509582EE77C5BC2,2,0.8694532177202938,0.9445850128704747,0.9672595737835376,0.07513179515018087,0.03274042621646245,1.212692440096003,1.1780022446502294,1.1090704641258347,0.034690195445773675,99
291402,S2,W29U_900AA2BEA87870498EC902FB,4,0.8407275617633981,0.9190302237014454,0.9660036037906092,0.07830266193804725,0.03399639620939077,0.9150394287491105,0.7984930300131416,0.8753146175138682,0.11654639873596884,100
291402,S2,W29U_A28F88AE9DF49C367E44FAD1,3,0.9043799827284902,0.958568065825666,0.9720537109427297,0.05418808309717582,0.027946289057270257,1.0831023655233147,0.9341729194984147,1.082258486598886,0.1489294460249,101
291402,S2,W29U_5D9D815DFF68050432EF99CA,4,0.9492071773946305,0.9967529822476232,0.933538710257423,0.04754580485299276,0.06646128974257703,0.7896548597773698,0.06503109896314863,0.792162073124421,0.7246237608142212,102
291402,S2,W29U_5CE02771C093B1300C2D102D,2,0.9716678188444907,0.999576417621289,0.9709765573163026,0.0279085987767983,0.029023442683697387,1.3452588103364826,0.04718546763113354,1.334963172830182,1.298073342705349,103
291402,S2,W29U_08B2456A07EE4238C5B02531,4,0.9237251235865807,0.9889373831307892,0.9354675355789596,0.0652122595442085,0.06453246442104044,1.1693281895222218,0.48438450260149507,1.1822195337506416,0.6849436869207268,104
291402,S2,W29U_DEE413EAB57AC5251CC94C3E,3,0.944246510631419,0.9891575762847925,0.9759852740538456,0.04491106565337355,0.02401472594615439,0.9694990596257979,0.9667264742219234,0.7305476191634599,0.0027725854038744835,105
291402,S2,W29U_D81E592C61FB76827E183645,3,0.6126757921090892,0.8931769519909025,0.6514477965329551,0.28050115988181334,0.34855220346704485,1.0410291383102737,0.3059853866154174,1.0019673932468982,0.7350437516948563,106
291402,S2,W29U_1132CA32846D8F057C579B58,4,0.944792579850594,0.997316314839521,0.9481479948786246,0.05252373498892704,0.051852005121375444,1.7151605034663624,0.06354652384368586,1.6965943990254417,1.6516139796226765,107
291402,S2,W29U_FE6861630248BEA0B78E17F9,4,0.9110873745901032,0.9778885888541614,0.9433233591510937,0.06680121426405816,0.056676640848906334,1.4727583203184567,0.47668649757864257,1.463762034442516,0.9960718227398141,108
291402,S2,W29U_4B296E6D957772C67FE3C252,4,0.6432571128516476,0.9819960466049495,0.5903855788011277,0.338738933753302,0.40961442119887226,0.9032413637898091,0.19378589995456305,0.95802334067185,0.709455463835246,109
291402,S2,W29U_A7B8E37FC1BCCA0FFB6D7F9E,2,0.645305134624146,0.9151124457124282,0.7134713981508721,0.26980731108828226,0.2865286018491279,1.554226910702519,1.2208253449902928,0.9095777787965668,0.33340156571222623,110
291402,S2,W29U_E40515EC2262E92D9B884A15,1,0.8251297823406376,0.9844605909878883,0.803576944239652,0.1593308086472507,0.19642305576034802,1.3986063358573455,0.8461772682413727,1.2122461206340118,0.5524290676159728,111
291402,S2,W29U_41FD60E27CD7FE165904AA23,3,0.7314453335303702,0.9366127032135617,0.8399836629929562,0.2051673696831915,0.16001633700704376,1.1832052815101048,1.1519245744773305,1.0614026950479327,0.0312807070327743,112
291402,S2,W29U_F38CAC611236E1EDC4F0B734,3,0.9787890399587678,0.988831194007545,0.9576001156538189,0.010042154048777285,0.04239988434618114,0.8143399949809775,0.5722424392157128,0.8457376786369811,0.2420975557652647,113
291402,S2,W29U_253B572365B24FEC3BC50C3A,3,0.8672010796517919,0.9493222523596048,0.9719196665895552,0.08212117270781283,0.028080333410444802,1.1012155190459807,1.1134956363724833,0.6918332044458073,-0.012280117326502582,114
291402,S2,W29U_9EC6A4D2F3C37960EF79F609,2,0.9658422957338137,0.9991399509792053,0.9655753522178243,0.03329765524539152,0.03442464778217569,1.2972054484626425,0.034652169289875,1.3015610244979199,1.2625532791727676,115
291402,S2,W29U_2EE18F548561B5DF87AA953F,3,0.7072760199412472,0.7890039016399687,0.85982151904796,0.08172788169872147,0.14017848095204,1.125818136748277,0.6285697799179184,1.0370697574339478,0.4972483568303585,116
291402,S2,W29U_03F715C9B2E6CAD085714748,4,0.8727276746709789,0.9636350507128553,0.9568629302881203,0.09090737604187638,0.043137069711879694,0.9447602784985096,0.9871790141003493,0.9951489018736543,-0.04241873560183962,117
291402,S2,W29U_6E1CE2BCDE6D0C1A10B6BCF1,3,0.9530385258806776,0.9811567549990613,0.9844509633053922,0.028118229118383686,0.015549036694607832,1.0360865389285865,0.3146943786171247,0.8733193509715544,0.7213921603114618,118
291402,S2,W29U_B37F78D6C87C711025971C0A,3,0.6284704744328121,0.9387849039424173,0.7688738171172315,0.3103144295096052,0.23112618288276854,1.1195190017178023,0.2880183384383475,1.0722199519562918,0.8315006632794548,119
291402,S2,W29U_BA8F0BBA7DD34894F52D8984,3,0.6234706980556117,0.8579715397143902,0.848552378420646,0.2345008416587785,0.15144762157935399,0.7895620332465969,0.41591648098134765,0.7424957274844843,0.37364555226524926,120
291402,S2,W29U_1A76051F68A035461FA58639,3,0.6225795386291951,0.9662284971379386,0.6929877961635443,0.34364895850874344,0.30701220383645567,1.0294995202215642,0.20763144849948573,0.9933898147727432,0.8218680717220785,121
291402,S2,W29U_2E4321BF2DB1D8DD3E839BC4,4,0.8822276519041264,0.9929714812111812,0.8509033697881745,0.11074382930705473,0.1490966302118255,1.3308624204502584,0.10794006048784628,1.3311099366598975,1.2229223599624122,122
291402,S2,W29U_F0D8813BABEB03235BE3F5F1,3,0.7445537036934616,0.8502263415526131,0.9415251272650016,0.10567263785915149,0.05847487273499841,0.8529109040674887,0.8057803112610082,0.9499271737788874,0.047130592806480465,123
291402,S2,W29U_75E1B5DFD8A7A539DE8FC900,3,0.624824581505741,0.9270743621653516,0.7362595894342913,0.3022497806596105,0.26374041056570874,1.0597679355255194,0.23777712262432346,1.0377100048535357,0.8219908129011959,124
291402,S2,W29U_9F64F2ED6522A8545701DEE2,4,0.8781983652089087,0.9971799893755262,0.8877657952877838,0.1189816241666175,0.11223420471221623,1.3092765954578702,0.05802769788718549,1.2953360651326473,1.2512488975706848,125
291402,S2,W29U_1B1E7F331C8C1B7B2435E8C2,3,0.9513945024540296,0.9868277871876963,0.9848258416775937,0.03543328473366669,0.015174158322406317,0.9451888715052295,0.9507420370841785,0.6655045162462535,-0.005553165578949026,126
291402,S2,W29U_8FEF3BAD240070F8614650A4,2,0.8986492883533186,0.9724483004091722,0.8957667219066909,0.0737990120558536,0.10423327809330907,1.3358668070653943,1.1924801106647767,1.4747567205053853,0.14338669640061763,127
291403,S1,W29U_2B98D8963199CEBD39881CF3,4,0.6422137980362098,0.9277783610145369,0.5966364604361766,0.2855645629783271,0.4033635395638234,0.6955247825919235,0.3485969154669121,0.7296536723531585,0.3469278671250114,128
291403,S1,W29U_11EACAC0A69B433BE5335374,4,0.941826695406353,0.9740955000061624,0.9614812687926395,0.03226880459980941,0.03851873120736049,0.2905853411416014,0.1977985731019496,0.198463675190347,0.0927867680396518,129
291403,S1,W29U_CDB45AA59812E048F89D1FEF,5,0.9424989932131798,0.9655403022951287,0.9870882477785164,0.023041309081948902,0.012911752221483552,0.22891289148988034,0.17183524737670897,0.111069366757445,0.05707764411317137,130
291403,S1,W29U_D8CFC7B512CCF79D00E3DA72,4,0.9482037956579403,0.9822065029331508,0.9532502634611162,0.034002707275210486,0.04674973653888381,0.22467328533992206,0.13031564399148365,0.1965116734793337,0.09435764134843841,131
291403,S1,W29U_0C150BD91825DDE5B26260D3,4,0.9538229099071838,0.9985156221915568,0.9542664280389528,0.04469271228437299,0.045733571961047215,0.19955383199236798,0.035997173182291856,0.19874477325568346,0.16355665881007614,132
291403,S1,W29U_2F5C149851D9AB038AA06566,4,0.8274379926842517,0.9821752915860783,0.865046634584443,0.15473729890182664,0.13495336541555703,0.4271190313138104,0.13480497763325172,0.36225804644066883,0.2923140536805587,133
291403,S1,W29U_A3B6D3BDB73A7B2D4AE044E2,4,0.5696241765929789,0.7099371859956579,0.7579087283118118,0.140313009402679,0.24209127168818823,0.5929687498566373,0.48983802206934757,0.44722870186394964,0.10313072778728971,134
291403,S1,W29U_AC8C1DB17FDD8141A366E8D2,5,0.5611184829870527,0.8996998313168211,0.6320843301058526,0.3385813483297684,0.36791566989414737,0.6248246146141355,0.34483751046167777,0.5297048470016096,0.27998710415245776,135
291403,S1,W29U_B1AA4B604A313D5010E1A61F,5,0.8368467901989733,0.8852090120368068,0.9439420224508763,0.04836222183783345,0.05605797754912367,0.412401473174068,0.32867293926419555,0.2310428273351115,0.08372853390987245,136
291403,S1,W29U_4BC3ADADD4685C9154124B37,3,0.6947683696199598,0.8104882276272919,0.6122460464810325,0.11571985800733209,0.38775395351896746,0.6361521759420733,0.19612512421927167,0.6121141765489604,0.44002705172280165,137
291403,S1,W29U_62F02A00E48B9E836FA9D0FE,4,0.8279418057671719,0.9708701136488963,0.8737745578986127,0.1429283078817244,0.1262254421013873,0.43605764846953315,0.16192996818035305,0.3628738119945982,0.2741276802891801,138
291403,S1,W29U_E53925AE8D426CFBA11CA56F,4,0.5391987249810525,0.8011477328420773,0.7314299370903544,0.2619490078610248,0.2685700629096456,0.8493822911242687,0.6319111335665762,0.5651354619715557,0.21747115755769242,139
291403,S1,W29U_5E9585B5B6DBFD2154636B70,4,0.8601559669714809,0.9762180091278286,0.9303134036050151,0.11606204215634774,0.06968659639498487,0.3555730815999151,0.13045761360835284,0.2622773619648122,0.22511546799156223,140
291403,S1,W29U_E9525766D7F0FD19E74D6A7E,4,0.5733210753006168,0.7020990227625253,0.7522974242932701,0.12877794746190852,0.24770257570672993,0.6117887003440938,0.5162455915758244,0.4746301644311426,0.09554310876826944,141
291403,S1,W29U_BA70175A76438B66A59B5FB8,5,0.5575566614441672,0.9258068799780617,0.6213639997207357,0.3682502185338945,0.37863600027926425,0.641352194823916,0.31153867600623597,0.5491336006853328,0.32981351881768006,142
291403,S1,W29U_A972A9FE615861DB83C1C26E,5,0.5640353381690365,0.9221151700268718,0.625175802339063,0.3580798318578353,0.374824197660937,0.6271560950567455,0.31424578636077233,0.5415156120875437,0.3129103086959732,143
291403,S1,W29U_D72E64A6FE3FD6481A8DD4F3,3,0.680617400620187,0.8727253484554277,0.5891077932484364,0.19210794783524066,0.41089220675156357,0.6252871399297041,0.17013130727870426,0.6182437816055025,0.4551558326509998,144
291403,S1,W29U_AAD068AB87B51FB466F1641F,4,0.9694810052354292,0.9934543546672318,0.9790852441677451,0.023973349431802515,0.020914755832254883,0.20873185087972962,0.09265223032735932,0.1640281129862553,0.1160796205523703,145
291403,S1,W29U_6CFF1D75487CD3A42D913977,4,0.5957876385965503,0.8733802929874457,0.7526111305029014,0.2775926543908954,0.2473888694970986,0.5670914038580268,0.13981607922451877,0.5042164780382683,0.42727532463350804,146
291403,S1,W29U_E39EA8A21758C10BCC5F4B25,4,0.736389128883024,0.9188955760361236,0.8700122399250615,0.1825064471530996,0.1299877600749385,0.46449441362852034,0.22223042331107623,0.3128900448710209,0.2422639903174441,147
291403,S1,W29U_C886BB9C0B293A1ED9758B14,5,0.8244037457951692,0.8761468983956389,0.9394523336964339,0.05174315260046969,0.06054766630356612,0.4321379652284178,0.3465535863602785,0.236228419056593,0.0855843788681393,148
291403,S1,W29U_A5910054BB855156E9B32F8C,4,0.7321181158664061,0.6806365227495391,0.7759188648283992,-0.05148159311686695,0.22408113517160078,0.631312066697427,0.595843203267969,0.5473451825986605,0.035468863429457986,149
291403,S1,W29U_2A89DC488AD15CBE1249ED0D,4,0.9456489329481977,0.9722871749399511,0.9514421497455948,0.026638241991753353,0.04855785025440518,0.26663302955097024,0.18112702115606127,0.2202755656639261,0.08550600839490896,150
291403,S1,W29U_9D11D773ABD3D5DDFD96D857,4,0.9610948496544355,0.9890552914970347,0.9878217745271207,0.02796044184259927,0.012178225472879278,0.18101989974633836,0.08788025120348539,0.1097669244228005,0.09313964854285298,151
291403,S1,W29U_B52BC9EA0A5865F529FD944F,4,0.7282355127685656,0.7312286729278109,0.7922505063920606,0.002993160159245334,0.20774949360793937,0.6539063058499386,0.5369268543020691,0.5407588927984278,0.11697945154786948,152
291403,S1,W29U_994622A6D5AD3781B8DCA5E7,4,0.9005713752876889,0.9716977978482839,0.9219880238336663,0.07112642256059498,0.07801197616633371,0.3963497690311444,0.22082616248835218,0.2833912486920416,0.1755236065427922,153
291403,S1,W29U_35D26B470FA840A2B61FA7BD,4,0.8233361242248368,0.9839076195602328,0.8629692284850821,0.16057149533539594,0.13703077151491794,0.42127840586982057,0.13096689618164864,0.353343998286105,0.29031150968817193,154
291403,S1,W29U_D863F5D445E32C9CFE045647,5,0.7731538384178057,0.9782727801064999,0.7927200726449948,0.20511894168869416,0.20727992735500522,0.24886236100325224,0.15124184731718002,0.1175963668526776,0.09762051368607222,155
291403,S1,W29U_30410D146F275D9B501A8D8B,4,0.9145677726732401,0.9759022078990695,0.9551190724087855,0.061334435225829376,0.04488092759121454,0.3877953830934475,0.1948373314279634,0.24557567060251317,0.19295805166548413,156
291403,S1,W29U_AB05A2088E675A5855032D7A,5,0.7096726210613135,0.9456673682678941,0.7678767908889272,0.23599474720658065,0.23212320911107276,0.4574736740249241,0.26453985308828076,0.24726228574713405,0.19293382093664335,157
291403,S1,W29U_CBC2DCAEF6675B5D9A70E2E5,4,0.9024906637177488,0.9729587418137992,0.9512054874511642,0.07046807809605038,0.04879451254883582,0.3848869932953593,0.2086498436234067,0.23000172232500776,0.17623714967195261,158
291403,S1,W29U_21A4C462A4AB85B5ED8A8FB9,4,0.6824821699496258,0.9720606553802235,0.7047652483722218,0.2895784854305976,0.29523475162777824,0.5981232448629648,0.18323441093540319,0.5149277858925309,0.4148888339275616,159
291403,S1,W29U_229702C2BCB73563FD30EE1D,5,0.7898450984612879,0.8908688535909326,0.9396193405540089,0.10102375512964468,0.060380659445991136,0.24235322171188226,0.1357892325069795,0.1282561408805788,0.10656398920490276,160
291403,S1,W29U_3BDC39A40CA0FF75A3C3A3A6,3,0.6945679048269532,0.7648638035512366,0.5795272011702546,0.07029589872428343,0.4204727988297454,0.6308625370852196,0.21010528554076874,0.6107849838972519,0.4207572515444508,161
291403,S1,W29U_4C6ED1EB798517953D0DC778,4,0.954316047176966,0.99729967499255,0.9532815461695786,0.04298362781558396,0.04671845383042139,0.19564159961169778,0.049103289298919606,0.19676108451437765,0.14653831031277817,162
291403,S1,W29U_75132999B0C6E0EEE43BA989,4,0.9678602086487758,0.990413043121747,0.9854401974600908,0.022552834472971295,0.014559802539909183,0.20669842725387838,0.10431591025255789,0.13360032788324527,0.10238251700132049,163
291403,S1,W29U_F6CAD417553B07D618F9E108,4,0.8131549546007143,0.9102197691177487,0.8920265007360001,0.09706481451703441,0.1079734992639999,0.5343553314537987,0.4240318898334766,0.3484166957298753,0.11032344162032204,164
291403,S1,W29U_E5D1686A18607C9EE6DB4092,5,0.7362253667531705,0.9543364077414671,0.8081996973669165,0.2181110409882966,0.19180030263308345,0.4131595327131211,0.24015362997125297,0.22812342635226057,0.17300590274186814,165
291403,S1,W29U_93A1C9E34685B6807135F4C8,4,0.578265917132591,0.7087022489287453,0.7559261781263558,0.13043633179615433,0.24407382187364424,0.5890004416059068,0.5107394132691833,0.4566401459110995,0.07826102833672355,166
291403,S1,W29U_F2575FC5D972AB054D7C658A,4,0.9699016918758189,0.9905522708934117,0.9851678080819236,0.02065057901759282,0.014832191918076387,0.1910569822556205,0.09837815236818079,0.12949768543040716,0.09267882988743972,167
291403,S1,W29U_0400BA4294543C5E4BC160A2,4,0.6876570881252256,0.9696987455136502,0.7092444457770258,0.28204165738842457,0.29075555422297417,0.5915150404216705,0.18784424598360108,0.5062510832564598,0.4036707944380694,168
291403,S1,W29U_7A5126EDF2108BF759D41021,5,0.7953309565478179,0.8428041525995583,0.9791477720133868,0.047473196051740385,0.020852227986613237,0.22489157403154028,0.1296757978271635,0.11300117070567796,0.09521577620437677,169
291403,S1,W29U_4542EF183B2513200195497A,4,0.9726402822185019,0.9892068499536102,0.9847633604787562,0.01656656773510834,0.015236639521243767,0.17490015655363952,0.09536121621209225,0.12530292930827744,0.07953894034154728,170
291403,S1,W29U_1286685795C121BE6FFD658C,4,0.9602265289485779,0.9904108019374667,0.9781223012047798,0.030184272988888816,0.02187769879522017,0.2664681329805939,0.1428189910097435,0.1699334794364589,0.12364914197085042,171
291403,S1,W29U_1EDF61048BA683FEF104C62A,4,0.9404377146573023,0.9817484745268401,0.9623553367838797,0.041310759869537805,0.037644663216120255,0.28490881797506534,0.16036330607735594,0.20308846119350624,0.1245455118977094,172
291403,S1,W29U_D215F181D8F005BABBB41D37,4,0.9043584827970974,0.9671106090179549,0.9439759862695195,0.06275212622085746,0.05602401373048049,0.39127675491761355,0.223116155137828,0.24943744267079745,0.16816059977978554,173
291403,S1,W29U_339AD37DFA36D01C73FDFF3C,5,0.5776198795042555,0.8945791906677089,0.6385514103085501,0.31695931116345333,0.3614485896914499,0.6077685913327802,0.34886434843554,0.5201888528371656,0.2589042428972402,174
291403,S1,W29U_6E065B84AB4956262BB4BD6F,4,0.9693864526759762,0.9922259426811809,0.9805975606206483,0.022839490005204688,0.01940243937935171,0.2662210101817068,0.14065550813159414,0.17208726397285148,0.12556550205011266,175
291403,S1,W29U_927D329B3C584BE046A0AFEA,4,0.5409198922294499,0.809690566585273,0.73132262768033,0.26877067435582314,0.26867737231967004,0.8468337093259216,0.6033792968999269,0.5711590422951685,0.24345441242599475,176
291403,S1,W29U_B497E36FB07F5FA1D12D6681,4,0.5330061733588197,0.794506302189273,0.7504545644115708,0.26150012883045326,0.24954543558842923,0.8631742537775985,0.6015615412330042,0.5684858045513654,0.2616127125445943,177
291403,S1,W29U_C262155F67E1F514B8FA68C7,5,0.5686742991791461,0.9220405473346014,0.6247607413670282,0.35336624815545525,0.3752392586329718,0.6229665313090273,0.3186995901476286,0.5408853621836456,0.30426694116139874,178
291403,S1,W29U_C9C26419E0818E40CBA4D6F3,4,0.8605249809621114,0.9557158447514308,0.8976206219101309,0.0951908637893194,0.10237937808986908,0.5127597639076444,0.2998537277124868,0.4320263246592833,0.21290603619515763,179
291403,S1,W29U_C37CB46A6C677AD0D2838FA4,5,0.7213662645493458,0.9540344236715808,0.771514904233518,0.23266815912223493,0.22848509576648202,0.44356729966953223,0.24468631094861926,0.2633711283666986,0.19888098872091298,180
291403,S1,W29U_03C728A071DA819C6F3B21E4,4,0.8676852934344609,0.9621415056213507,0.9139294844401717,0.09445621218688982,0.08607051555982825,0.5162543363395248,0.2816175032395926,0.39348825985854063,0.23463683309993216,181
291403,S1,W29U_C93146E96852E40F0233C116,5,0.5655745803686885,0.9149461851467379,0.6247216151630286,0.3493716047780494,0.3752783848369714,0.6371421377607467,0.3261255622422756,0.5461705314746583,0.31101657551847106,182
291403,S1,W29U_3F4110C5508739D0A0562757,4,0.9022177726745819,0.9693075089262426,0.9477025188649283,0.0670897362516607,0.05229748113507171,0.36647947471378883,0.2039925508259186,0.22944008023969426,0.16248692388787023,183
291403,S1,W29U_5225D08BCA1DB372E74B864E,4,0.9624465938666356,0.9923518956492057,0.9703998888196567,0.029905301782570115,0.029600111180343336,0.29466275560180605,0.14104012358721893,0.23184751482738072,0.15362263201458712,184
291403,S1,W29U_3B1DE5598F0CCCE7F61AFBE1,4,0.8667143284699279,0.9674020278699589,0.9071594290983184,0.10068769940003097,0.09284057090168163,0.5131258201736277,0.28424651099353393,0.4002932374941076,0.2288793091800938,185
291403,S1,W29U_E8621BBB9863314435A966E1,5,0.8282194000703,0.8723988959022385,0.9410991556955256,0.044179495831938476,0.0589008443044744,0.41509314393238916,0.3475528713619486,0.22369966499038618,0.06754027257044054,186
291403,S1,W29U_0BDB0E4B75075FE966B69FDA,4,0.8703556920032146,0.9698385683740665,0.9176662433679372,0.09948287637085185,0.08233375663206277,0.5212717294115549,0.28106743611749335,0.37826265345758947,0.2402042932940615,187
291403,S1,W29U_099BE3736653346E3715B34A,4,0.8524955540586647,0.9585938901302337,0.8775500643272752,0.10609833607156893,0.12244993567272477,0.5501459324486494,0.3036187277324103,0.4627039762466243,0.24652720471623912,188
291403,S1,W29U_32F562E65836D385C8CB4933,4,0.962589069739122,0.9926445971058029,0.9693581741126212,0.030055527366680934,0.03064182588737885,0.25899205848303175,0.0956561705445489,0.22662019757798177,0.16333588793848286,189
291403,S1,W29U_BFAD2644EFC4F67B5A47D53E,4,0.9634439019523675,0.9931325765322994,0.9717826062530271,0.02968867457993185,0.028217393746972852,0.3007662318960873,0.1376741838654663,0.23188286671384273,0.16309204803062102,190
291403,S1,W29U_06C75BD11D18D5EDD00EABD8,4,0.9570716609269765,0.9904211864251309,0.9734418958538082,0.0333495254981544,0.026558104146191752,0.2820188863975877,0.14025198226572594,0.20112513820540864,0.14176690413186177,191
291403,S2,W29U_326073E5F43273FC845408A0,3,0.5321466066827903,0.7275153856926483,0.831107511231384,0.19536877900985794,0.16889248876861596,0.8871728469612571,1.1781384308524026,1.1815033466759302,-0.29096558389114546,192
291403,S2,W29U_76811E4D88E5C2FA3ACD9DD3,4,0.9557225245465382,0.9980785610296303,0.9528906427047512,0.04235603648309216,0.04710935729524879,0.957004817438069,0.05800212503818809,0.9588862663865085,0.8990026923998808,193
291403,S2,W29U_7091BA5B54BA708C00866B17,4,0.8089954234496056,0.9285385970275726,0.9220612536499058,0.11954317357796695,0.07793874635009423,0.8628863918156379,0.8984730722119967,1.159804113383991,-0.035586680396358816,194
291403,S2,W29U_F7AB4F136A77970A34D1A43F,4,0.6390223974815918,0.6949563772992882,0.8836537931094164,0.05593397981769632,0.11634620689058361,0.8965087967215669,1.0619827332215794,0.6847655276616479,-0.16547393650001252,195
291403,S2,W29U_8E712C01124CEB485ECD2748,4,0.7340613735679158,0.9920238455938649,0.7280461659545776,0.25796247202594913,0.2719538340454224,1.0310345060527828,0.10031252339115153,1.0334901654929065,0.9307219826616313,196
291403,S2,W29U_FA9D93D425F5C70A742F5E9C,3,0.9760115028790897,0.9968309386471508,0.967340511617547,0.020819435768061112,0.03265948838245303,1.42777838644005,0.32942088178201495,1.3878610683278205,1.098357504658035,197
291403,S2,W29U_A95DCDBC237EC90DA99443C6,4,0.7381684357299864,0.8828703442254344,0.7644143886276277,0.14470190849544806,0.23558561137237233,1.137497836087586,0.7337891279794423,1.1099797156834488,0.40370870810814374,198
291403,S2,W29U_75056D080DB9B6E897E24389,4,0.9345241616288544,0.9436818097301984,0.9879911996400396,0.009157648101344007,0.012008800359960436,0.6056315680579343,0.7324538765337907,0.4353633087893861,-0.1268223084758564,199
291403,S2,W29U_5D3E6C4B86EA4699F1BA5BC9,4,0.9567777071146678,0.9987675580486588,0.9512001886319915,0.04198985093399099,0.04879981136800848,0.6207798795484656,0.046403437888580853,0.6174332874037224,0.5743764416598848,200
291403,S2,W29U_F0BEB3AB1E28EE7E91693942,4,0.8737328152735693,0.9982280413967691,0.8588721754368465,0.12449522612319985,0.14112782456315354,1.5309544227183542,0.052088479044551876,1.5280074169683673,1.4788659436738023,201
291403,S2,W29U_5D7544863F07E544752F14A3,3,0.9146792016630165,0.9828298200558963,0.9485137342168617,0.06815061839287972,0.05148626578313831,0.9434486241255337,0.5500308865583083,0.5827808918410736,0.3934177375672253,202
291403,S2,W29U_894380770DDE02AAD0312DF3,4,0.74500035917142,0.9829334274193904,0.7321416396959245,0.23793306824797034,0.2678583603040755,0.9349013733164725,0.1269978752629888,0.9385397154616728,0.8079034980534837,203
291403,S2,W29U_B580C1E61BF9DD2D208CAADD,4,0.9786652032605442,0.9954049264055356,0.9727344751196041,0.016739723144991392,0.02726552488039591,0.7077059294031238,0.5283118123929275,0.7473849092094329,0.17939411701019636,204
291403,S2,W29U_2341959B2E16642BC6F095EA,2,0.7026560566291733,0.9268411481662046,0.8631073667770126,0.22418509153703126,0.1368926332229874,1.151863221178484,1.1086872628394415,0.9688599429407426,0.04317595833904253,205
291403,S2,W29U_892DA025ACDFF84933321F20,2,0.7369765174407459,0.9274227015132088,0.7561762657430856,0.19044618407246294,0.2438237342569144,1.3758131966326386,1.3256282746555816,1.8201112274208922,0.05018492197705693,206
291403,S2,W29U_73065A553DFE906571964300,4,0.8876701231643249,0.9946479653076449,0.8800227111592864,0.10697784214331996,0.11997728884071357,1.7105493622279355,0.0901192504989444,1.7002452024529058,1.6204301117289912,207
291403,S2,W29U_C60ABF0DB56F7FBB9895074C,4,0.6440344625904586,0.8473988411817188,0.8244992541453489,0.20336437859126022,0.17550074585465114,0.8130234845635745,0.45617770788109824,0.6526054359204597,0.3568457766824763,208
291403,S2,W29U_3DF0E7AAB226AAD308C16CE9,5,0.6800057333700276,0.9164822687978486,0.6588959939718599,0.236476535427821,0.34110400602814006,1.5585867662233635,1.4125645522706591,1.344127272438968,0.14602221395270432,209
291403,S2,W29U_BFB40E437B015FF1CAF06607,3,0.9076783724749391,0.9804498519637423,0.9355464431704531,0.07277147948880325,0.0644535568295469,1.0707910920351147,0.6030541727803893,0.8401289444889709,0.4677369192547254,210
291403,S2,W29U_CEE8A1F4EEDE37ED7EE387BD,1,0.6432812948093746,0.9751736932746563,0.6099510529417784,0.33189239846528173,0.3900489470582216,1.3666627028796217,0.6517074877097309,1.2703131474039655,0.7149552151698908,211
291403,S2,W29U_FDC8D87187069F82ADEA16CB,2,0.9775514749471178,0.9954068981938486,0.9705708130894974,0.01785542324673084,0.02942918691050256,1.1996983220339141,0.4827871132523888,1.5187802326951356,0.7169112087815253,212
291403,S2,W29U_930765BC222C77ED6DA8FCF1,4,0.9312112799687435,0.9665519280698325,0.9822392692356832,0.035340648101088945,0.017760730764316834,0.6814165931955888,0.4379408906073964,0.673216227389009,0.2434757025881924,213
291403,S2,W29U_8554CD43CD3B32615F3A644F,4,0.7378358269663033,0.9887759528213851,0.7298009863401386,0.25094012585508174,0.27019901365986143,1.065440546394993,0.10561279339682308,1.0705190962361186,0.9598277529981699,214
291403,S2,W29U_3312DE18215FD10EB1066B20,5,0.6608330484093364,0.9343540848929098,0.667451907403503,0.2735210364835734,0.332548092596497,1.4828160104876462,0.2474843489568896,1.5077762270212922,1.2353316615307566,215
291403,S2,W29U_A2599D3295EC0563B06B9904,4,0.9776957384103298,0.9974680230792627,0.9717927497530131,0.019772284668932993,0.028207250246986892,1.1039949292373799,0.43227753747658515,1.1834879266303568,0.6717173917607947,216
291403,S2,W29U_61CA805816309171BA652E24,2,0.9689350401323376,0.9917807150186859,0.9624440241759675,0.022845674886348366,0.03755597582403247,1.3715029466923794,1.0270848456517914,0.6078924038742949,0.344418101040588,217
291403,S2,W29U_4A949BC43B7EBA039FBCF755,4,0.9799411375238196,0.9966325511301201,0.9731907774196442,0.016691413606300443,0.026809222580355785,0.8212736120452606,0.44611373043358216,0.9816934263527192,0.37515988161167846,218
291403,S2,W29U_BAEA92E0AF8EFDA4A5D1A272,3,0.9695122539662625,0.9974970310308326,0.9603391706081738,0.027984777064570143,0.03966082939182625,1.3327947639107123,0.6245486916967055,1.3195587533569433,0.7082460722140068,219
291403,S2,W29U_7B66010E91B04E7D027A4DB1,3,0.495497578231111,0.608012275190715,0.7242251729553874,0.11251469695960398,0.27577482704461265,0.9613784670967417,1.1503322936737874,0.9160146899577563,-0.18895382657704574,220
291403,S2,W29U_C1EEFD3EC60839B7FC16C567,4,0.939794599702191,0.9813545654993776,0.9167695426755033,0.04155996579718657,0.08323045732449674,1.1345650946269021,0.1363763968874032,1.1610027863906482,0.9981886977394989,221
291403,S2,W29U_845964ADB660A765D929E61B,5,0.6677792955074238,0.9293011025461227,0.6494522315883595,0.261521807038699,0.3505477684116405,1.7550331119901639,0.23684283401423148,1.762323155006927,1.5181902779759324,222
291403,S2,W29U_35C707ACB41E5A2BB2C7F4F4,4,0.9058072939277048,0.990157299311266,0.9075129049319135,0.08435000538356119,0.0924870950680865,0.9008270858108928,0.12236590809100806,0.919778868702453,0.7784611777198847,223
291403,S2,W29U_949CC7C8E67B372BAFDBC304,4,0.8902839202795838,0.995513594084162,0.8795229002632767,0.10522967380457815,0.12047709973672327,1.8015258120838302,0.0862759993791221,1.7788450729330905,1.7152498127047082,224
291403,S2,W29U_66B630D7911A20329B5E4CE5,4,0.9815253191537087,0.997697299267337,0.9766036173042026,0.016171980113628304,0.023396382695797358,0.7492709270731261,0.3282143487689766,0.8982783993838881,0.42105657830414955,225
291403,S2,W29U_4AB8314629FC2762CF312EFA,4,0.9508990397125388,0.9983072799331032,0.9464340910586746,0.047408240220564446,0.0535659089413254,1.7023853711435624,0.06101152295706052,1.688772288845723,1.641373848186502,226
291403,S2,W29U_350A2A50D509582EE77C5BC2,4,0.765890462690733,0.9166611986682147,0.9215929233322748,0.1507707359774817,0.07840707666772517,0.9587135875898142,0.8512754405291975,1.008412822698549,0.10743814706061672,227
291403,S2,W29U_900AA2BEA87870498EC902FB,3,0.5652581480794576,0.7137668905900748,0.893881725682756,0.1485087425106172,0.10611827431724397,0.7871392808273844,1.2679059244281061,1.2171152800576313,-0.48076664360072174,228
291403,S2,W29U_A28F88AE9DF49C367E44FAD1,4,0.811179502976608,0.9301492228027696,0.935334825224879,0.11896971982616156,0.06466517477512101,0.8648482418178849,0.8658199355819283,1.1353484281886257,-0.0009716937640433798,229
291403,S2,W29U_5D9D815DFF68050432EF99CA,4,0.9553779108728492,0.9982436382506099,0.9501914763708541,0.04286572737776073,0.049808523629145895,0.47326306621434716,0.05748481929211878,0.4809057793777578,0.41577824692222837,230
291403,S2,W29U_5CE02771C093B1300C2D102D,1,0.9715673801787088,0.9933999824806544,0.9687559035734108,0.021832602301945614,0.031244096426589207,1.3621277205988476,0.8711310773226889,1.4102247338922527,0.49099664327615866,231
291403,S2,W29U_08B2456A07EE4238C5B02531,4,0.9246358461017582,0.9882826120495304,0.9099408384090091,0.06364676594777219,0.09005916159099092,1.2513035294627821,0.4412088924267424,1.243434429737872,0.8100946370360398,232
291403,S2,W29U_DEE413EAB57AC5251CC94C3E,3,0.8910202863891712,0.9218146504912443,0.9724165505092209,0.030794364102073146,0.027583449490779066,1.0715228763714435,1.1285097771746484,0.2232835773597021,-0.0569869008032049,233
291403,S2,W29U_D81E592C61FB76827E183645,4,0.554616871860665,0.9248868260250742,0.62634635389983,0.3702699541644092,0.37365364610017004,1.1783454143862424,0.3065231275722097,1.135581304407317,0.8718222868140327,234
291403,S2,W29U_1132CA32846D8F057C579B58,4,0.9448283115869195,0.9992488067669951,0.9420538467445231,0.054420495180075634,0.05794615325547692,1.7627828721696586,0.037536407139499336,1.746650706445624,1.7252464650301593,235
291403,S2,W29U_FE6861630248BEA0B78E17F9,4,0.9233798936397047,0.9885611180824018,0.9033850026440683,0.06518122444269703,0.09661499735593171,1.574634385836401,0.2156305035988791,1.5555665321429264,1.3590038822375219,236
291403,S2,W29U_4B296E6D957772C67FE3C252,4,0.7115231507334664,0.9920557169680675,0.6753534219280445,0.2805325662346011,0.3246465780719555,1.3004621924251638,0.10287989771934113,1.2962724352832924,1.1975822947058228,237
291403,S2,W29U_A7B8E37FC1BCCA0FFB6D7F9E,2,0.6817577953088039,0.9803150975480612,0.6749011893206022,0.29855730223925736,0.32509881067939783,1.4167718462586003,0.14274815403600355,1.446713064460482,1.2740236922225967,238
291403,S2,W29U_E40515EC2262E92D9B884A15,1,0.8860130646749582,0.9974305007968018,0.8803633903410988,0.11141743612184363,0.11963660965890122,1.5385036262840772,0.2360494020721026,1.4202895529816457,1.3024542242119745,239
291403,S2,W29U_41FD60E27CD7FE165904AA23,4,0.5879018537526812,0.6432987057662324,0.8548604237908332,0.05539685201355116,0.14513957620916684,1.2130844737622755,1.027460233043428,1.1480929738652141,0.18562424071884753,240
291403,S2,W29U_F38CAC611236E1EDC4F0B734,3,0.9801465778022947,0.9982497053856454,0.9761962309303729,0.018103127583350642,0.023803769069627112,1.1428699532781161,0.25448306811815385,1.1762662821950414,0.8883868851599623,241
291403,S2,W29U_253B572365B24FEC3BC50C3A,4,0.7746199664772772,0.9245864571118606,0.9289305157670167,0.14996649063458345,0.07106948423298332,1.0745583616309735,0.9688612322132037,1.159372821023946,0.10569712941776976,242
291403,S2,W29U_9EC6A4D2F3C37960EF79F609,1,0.9743087466707373,0.9995427533231875,0.9745613046717051,0.025234006652450236,0.025438695328294902,1.4265887374642496,0.05986007080785821,1.396982412569339,1.3667286666563914,243
291403,S2,W29U_2EE18F548561B5DF87AA953F,3,0.5728278631106111,0.8165483692999759,0.7777632874286345,0.2437205061893648,0.22223671257136546,1.2025024692827522,1.005420361418005,0.7554054865259949,0.1970821078647471,244
291403,S2,W29U_03F715C9B2E6CAD085714748,3,0.5492353817956934,0.696591031342446,0.8543715278247107,0.14735564954675262,0.1456284721752893,1.083184315391337,1.1952052819907077,1.1497356656818671,-0.11202096659937077,245
291403,S2,W29U_6E1CE2BCDE6D0C1A10B6BCF1,3,0.8955713676385523,0.9578132018526105,0.9739101354467096,0.06224183421405827,0.02608986455329043,0.7485223874803969,0.8631743802433887,0.9121120777211349,-0.11465199276299176,246
291403,S2,W29U_B37F78D6C87C711025971C0A,4,0.5840760635251206,0.7101150669375933,0.8510722217299094,0.12603900341247265,0.14892777827009063,1.0891595572380623,0.7859431829604203,1.0570728577791635,0.30321637427764203,247
291403,S2,W29U_BA8F0BBA7DD34894F52D8984,4,0.49180013964934227,0.5630693744454337,0.8288952216852388,0.07126923479609143,0.17110477831476123,1.0011305350976156,1.1391076491264511,0.6003724868563398,-0.1379771140288355,248
291403,S2,W29U_1A76051F68A035461FA58639,3,0.5305827032011365,0.7653998894293347,0.5966727589742113,0.23481718622819814,0.40332724102578865,0.8921038526366772,0.5317127306761446,0.8150561149099453,0.3603911219605327,249
291403,S2,W29U_2E4321BF2DB1D8DD3E839BC4,4,0.8707773970422592,0.9927612513705801,0.8698800854900204,0.12198385432832093,0.13011991450997962,1.6621385811893052,0.10376696955637132,1.65252443964145,1.5583716116329338,250
291403,S2,W29U_F0D8813BABEB03235BE3F5F1,4,0.7333732426857229,0.8043607849989008,0.9364645639520774,0.07098754231317794,0.06353543604792256,1.0405224175224632,0.8271486571634379,0.5347807197437532,0.21337376035902533,251
291403,S2,W29U_75E1B5DFD8A7A539DE8FC900,4,0.5867721827969423,0.734390848698214,0.8365121113876762,0.1476186659012717,0.16348788861232377,0.9415942443118394,1.1332802424746937,1.10431761635809,-0.19168599816285437,252
291403,S2,W29U_9F64F2ED6522A8545701DEE2,4,0.9086271275079971,0.9984536338168297,0.90366195433609,0.0898265063088326,0.09633804566391002,1.0265807181634545,0.044149429159464994,1.0292160245362867,0.9824312890039896,253
291403,S2,W29U_1B1E7F331C8C1B7B2435E8C2,3,0.8634413141803593,0.8947140701914073,0.950055310621089,0.03127275601104795,0.049944689378910945,1.1139228987052272,1.1491349737379108,0.23289307814385066,-0.03521207503268364,254
291403,S2,W29U_8FEF3BAD240070F8614650A4,1,0.8861395245028568,0.9982830627135756,0.8807465987945767,0.11214353821071876,0.11925340120542327,1.3611776199152004,0.05118825182778203,1.364012855039874,1.3099893680874184,255
291404,S1,W29U_2B98D8963199CEBD39881CF3,5,0.6099176486619692,0.6079466856057946,0.9737764317051036,-0.0019709630561746128,0.02622356829489636,0.712994281983869,0.6995254284384508,0.18495604925185108,0.013468853545418269,256
291404,S1,W29U_11EACAC0A69B433BE5335374,4,0.9772150676310797,0.9393634544604226,0.9857972228913195,-0.037851613170657106,0.014202777108680453,0.13787843061991586,0.2125742930135135,0.10000213037239662,-0.07469586239359763,257
291404,S1,W29U_CDB45AA59812E048F89D1FEF,5,0.9921407720928027,0.9804640984238434,0.9922501626153373,-0.011676673668959303,0.007749837384662728,0.10345148364045413,0.20206160688145608,0.14917295231556263,-0.09861012324100195,258
291404,S1,W29U_D8CFC7B512CCF79D00E3DA72,4,0.9791371525545906,0.9425051700795016,0.9855524135055124,-0.03663198247508892,0.01444758649448763,0.11296276747253647,0.17758004320028492,0.10279482907570606,-0.06461727572774845,259
291404,S1,W29U_0C150BD91825DDE5B26260D3,5,0.9754367950909442,0.9901075941725871,0.9825769979104795,0.014670799081642927,0.017423002089520523,0.17579952715159963,0.11661674875908444,0.14240192345185396,0.05918277839251519,260
291404,S1,W29U_2F5C149851D9AB038AA06566,4,0.869464957263537,0.9733919453492579,0.9284350941615799,0.10392698808572087,0.07156490583842012,0.3898626428633643,0.20188226606436022,0.24771254639397008,0.1879803767990041,261
291404,S1,W29U_A3B6D3BDB73A7B2D4AE044E2,4,0.6950735223911862,0.600934438409581,0.898643408960474,-0.0941390839816052,0.10135659103952599,0.5315942788455583,0.6574544013000269,0.37822343854433865,-0.12586012245446854,262
291404,S1,W29U_AC8C1DB17FDD8141A366E8D2,4,0.7648397757775642,0.9416502964794722,0.7924048386961888,0.17681052070190795,0.20759516130381117,0.5852791542114837,0.3082420933773372,0.49693944026626413,0.2770370608341465,263
291404,S1,W29U_B1AA4B604A313D5010E1A61F,5,0.9710072524217676,0.9348797632949142,0.9805528107209737,-0.036127489126853374,0.019447189279026333,0.19380699323438472,0.2712687810400604,0.163642075917731,-0.0774617878056757,264
291404,S1,W29U_4BC3ADADD4685C9154124B37,5,0.8614281280517251,0.8157284731617848,0.9908790930932971,-0.04569965488994032,0.009120906906702864,0.4940284506545634,0.5652101652767443,0.11150712807798015,-0.07118171462218087,265
291404,S1,W29U_62F02A00E48B9E836FA9D0FE,4,0.8640827877505584,0.9685502305973283,0.9306730020811966,0.1044674428467699,0.06932699791880337,0.42187976352303636,0.23898334791064765,0.24365990594427758,0.1828964156123887,266
291404,S1,W29U_E53925AE8D426CFBA11CA56F,4,0.7795406986847702,0.6238914807730861,0.8941030920151594,-0.15564921791168407,0.10589690798484064,0.47961034543240816,0.6671150955818415,0.3506123947870871,-0.1875047501494333,267
291404,S1,W29U_5E9585B5B6DBFD2154636B70,4,0.8999096868861373,0.9683106895408349,0.8414597954425276,0.06840100265469762,0.15854020455747242,0.22343533518558217,0.21605732324903687,0.36796062139956776,0.007378011936545303,268
291404,S1,W29U_E9525766D7F0FD19E74D6A7E,4,0.6392606504209202,0.5714061912919027,0.8934995263970538,-0.06785445912901744,0.10650047360294623,0.5515337940348959,0.6538919430493648,0.3644218855506487,-0.10235814901446894,269
291404,S1,W29U_BA70175A76438B66A59B5FB8,4,0.766729241079285,0.9481989354415733,0.7964328161665903,0.18146969436228833,0.20356718383340966,0.5799220499747981,0.27946690523392825,0.49053563523553473,0.3004551447408699,270
291404,S1,W29U_A972A9FE615861DB83C1C26E,4,0.7592669241401734,0.9497850276208989,0.7961351636924857,0.1905181034807255,0.20386483630751429,0.5877449121302228,0.28418795779719,0.4841254565938972,0.3035569543330328,271
291404,S1,W29U_D72E64A6FE3FD6481A8DD4F3,5,0.8588399087966506,0.8116900820740967,0.9832740409665934,-0.04714982672255397,0.016725959033406568,0.4942017998310727,0.5745098037547614,0.12903058976365261,-0.08030800392368864,272
291404,S1,W29U_AAD068AB87B51FB466F1641F,4,0.9849938437862786,0.9767659736807579,0.9962052085656129,-0.00822787010552073,0.0037947914343871014,0.1352047329234345,0.15132207907510764,0.08915211551677014,-0.01611734615167315,273
291404,S1,W29U_6CFF1D75487CD3A42D913977,5,0.4514632905723868,0.7706453109883025,0.648972177272976,0.31918202041591565,0.35102782272702404,1.0356664936955948,0.7729114425256719,0.6921444036572906,0.2627550511699229,274
291404,S1,W29U_E39EA8A21758C10BCC5F4B25,4,0.742055498001675,0.7718718116753039,0.9809752284524689,0.029816313673628914,0.019024771547531127,0.635167329205941,0.6311280722284535,0.17339758324527352,0.0040392569774875264,275
291404,S1,W29U_C886BB9C0B293A1ED9758B14,5,0.9679788480382031,0.9176592399812025,0.9743500151806949,-0.05031960805700064,0.02564998481930514,0.20600042654047998,0.33264841021408287,0.2066503163135732,-0.1266479836736029,276
291404,S1,W29U_A5910054BB855156E9B32F8C,5,0.7134062877366412,0.6968395739745348,0.9911579534398112,-0.01656671376210639,0.008842046560188832,0.6900213215823648,0.7356707226541118,0.1136034745607646,-0.045649401071746976,277
291404,S1,W29U_2A89DC488AD15CBE1249ED0D,4,0.9764347069783414,0.9421225550894647,0.9876482694390961,-0.03431215188887671,0.012351730560903884,0.14723206547724305,0.21151752667504953,0.09584726734648943,-0.06428546119780648,278
291404,S1,W29U_9D11D773ABD3D5DDFD96D857,4,0.9819911253793207,0.990618036059059,0.9659016341701803,0.008626910679738309,0.03409836582981973,0.11024060510915094,0.1177990750679715,0.18994093179499902,-0.007558469958820563,279
291404,S1,W29U_B52BC9EA0A5865F529FD944F,5,0.703075165528263,0.6769072127350171,0.9889073549530938,-0.026167952793245908,0.011092645046906213,0.6889837676426386,0.7392578850242583,0.11788465913880371,-0.05027411738161969,280
291404,S1,W29U_994622A6D5AD3781B8DCA5E7,5,0.8813176648371158,0.8695597495583673,0.9922862952427842,-0.011757915278748476,0.007713704757215778,0.4603126778891537,0.4816251599660918,0.08277182459363197,-0.02131248207693809,281
291404,S1,W29U_35D26B470FA840A2B61FA7BD,4,0.868869849068347,0.9743812171939191,0.9222875777157775,0.10551136812557216,0.07771242228422248,0.3729136681552264,0.19169579824685762,0.25117714233620253,0.1812178699083688,282
291404,S1,W29U_D863F5D445E32C9CFE045647,4,0.9721293448598942,0.9908659865253573,0.989634097444484,0.018736641665463072,0.010365902555515949,0.18920848733878984,0.11394658876364991,0.12928590435478132,0.07526189857513993,283
291404,S1,W29U_30410D146F275D9B501A8D8B,5,0.9180754457113647,0.9147238357830482,0.9941383774780121,-0.0033516099283165124,0.005861622521987853,0.37045316993633437,0.4257107157523948,0.11849584398135556,-0.055257545816060405,284
291404,S1,W29U_AB05A2088E675A5855032D7A,4,0.7926047661352735,0.8375993401301605,0.9759039661936943,0.04499457399488693,0.02409603380630565,0.528599111560293,0.5122242153414561,0.21824154672025664,0.01637489621883692,285
291404,S1,W29U_CBC2DCAEF6675B5D9A70E2E5,5,0.9279219553048715,0.9314547862282738,0.9941422912829916,0.003532830923402286,0.005857708717008414,0.35902735299182276,0.3852104852429042,0.09824233971052616,-0.02618313225108143,286
291404,S1,W29U_21A4C462A4AB85B5ED8A8FB9,4,0.5105693574570256,0.5759489429823628,0.9165742667409496,0.06537958552533718,0.08342573325905045,0.8370186393603695,0.8052308631272757,0.31853106385121627,0.03178777623309381,287
291404,S1,W29U_229702C2BCB73563FD30EE1D,4,0.9648959625678077,0.9836868551389881,0.9898882374470238,0.018790892571180384,0.010111762552976189,0.20801762743626562,0.1394838140542926,0.13153724559962388,0.06853381338197301,288
291404,S1,W29U_3BDC39A40CA0FF75A3C3A3A6,5,0.8674158035232093,0.8169247940721307,0.9872826261356046,-0.05049100945107865,0.01271737386439542,0.48373847056613284,0.5655587427650371,0.1254879443979074,-0.08182027219890431,289
291404,S1,W29U_4C6ED1EB798517953D0DC778,4,0.9657331754285252,0.991121729650817,0.9833064622377203,0.025388554222291804,0.016693537762279664,0.1649995858334132,0.09657469415257834,0.11072771373517017,0.06842489168083486,290
291404,S1,W29U_75132999B0C6E0EEE43BA989,5,0.9832168221422066,0.9785153546180476,0.9955015357145045,-0.004701467524159009,0.004498464285495496,0.15883150750943062,0.213187021852575,0.09553711309802077,-0.05435551434314437,291
291404,S1,W29U_F6CAD417553B07D618F9E108,4,0.9216027955533941,0.8268717999611203,0.9577349110652497,-0.09473099559227383,0.04226508893475034,0.26781594937257586,0.41395013520961743,0.18495687346220058,-0.14613418583704157,292
291404,S1,W29U_E5D1686A18607C9EE6DB4092,5,0.8253935678526559,0.8859985375972375,0.9660660181337695,0.060604969744581516,0.033933981866230534,0.5030592913022685,0.46845122967312275,0.20880191005037455,0.0346080616291457,293
291404,S1,W29U_93A1C9E34685B6807135F4C8,5,0.7857845829342128,0.6622903845374758,0.9091066815561779,-0.12349419839673703,0.09089331844382209,0.5511852287365933,0.6424784054577647,0.354816363882144,-0.09129317672117143,294
291404,S1,W29U_F2575FC5D972AB054D7C658A,5,0.9859761513550118,0.9806512550245093,0.9942974887464029,-0.005324896330502482,0.005702511253597109,0.14640394719522312,0.181905365506633,0.08669738006670659,-0.03550141831140988,295
291404,S1,W29U_0400BA4294543C5E4BC160A2,4,0.5069217699744408,0.571341719840267,0.9170824209454735,0.06441994986582622,0.08291757905452646,0.8421913758291643,0.8105138134982179,0.31893148666558613,0.03167756233094632,296
291404,S1,W29U_7A5126EDF2108BF759D41021,4,0.9741783282790786,0.9914091895394768,0.9880912915638393,0.01723086126039819,0.011908708436160653,0.1799674066300748,0.10700776114250035,0.13501132024542317,0.07295964548757444,297
291404,S1,W29U_4542EF183B2513200195497A,5,0.9854939955602617,0.97779226740709,0.9934853930845893,-0.007701728153171716,0.0065146069154107256,0.14130527422172573,0.1767572352224041,0.08808839363741312,-0.03545196100067838,298
291404,S1,W29U_1286685795C121BE6FFD658C,5,0.946036529318475,0.9600551912870966,0.9960742260850319,0.01401866196862156,0.003925773914968067,0.25507975002235855,0.2527132422669059,0.062051139533809904,0.0023665077554526626,299
291404,S1,W29U_1EDF61048BA683FEF104C62A,4,0.9788540399089944,0.9385381939693129,0.9833368481832299,-0.040315845939681516,0.01666315181677014,0.12437861301203808,0.19010835540556956,0.0926074195160672,-0.06572974239353148,300
291404,S1,W29U_D215F181D8F005BABBB41D37,5,0.911473431279554,0.9015900012037854,0.9908520584008143,-0.00988343007576864,0.00914794159918575,0.3960884683699381,0.42878127556624035,0.10210417601017657,-0.03269280719630224,301
291404,S1,W29U_339AD37DFA36D01C73FDFF3C,4,0.7587511938656835,0.9485564320767745,0.804051903987222,0.18980523821109108,0.19594809601277796,0.5729623466201337,0.3067729526543758,0.47623182408163645,0.26618939396575786,302
291404,S1,W29U_6E065B84AB4956262BB4BD6F,5,0.9449833352269273,0.9554453347421668,0.996426383890159,0.010461999515239406,0.0035736161098409713,0.26539348478938796,0.2683748271499602,0.06304590929673944,-0.0029813423605722367,303
291404,S1,W29U_927D329B3C584BE046A0AFEA,4,0.7707438930583755,0.6201908499531793,0.8978657829904695,-0.15055304310519624,0.10213421700953051,0.4997226170888009,0.6652212519524249,0.3501767491406859,-0.16549863486362398,304
291404,S1,W29U_B497E36FB07F5FA1D12D6681,4,0.7548041291230967,0.6107181884918385,0.8818129873200102,-0.14408594063125824,0.11818701267998977,0.5330366872868576,0.6797243312629783,0.3565779753232363,-0.14668764397612066,305
291404,S1,W29U_C262155F67E1F514B8FA68C7,4,0.7663023423620717,0.9500969643644797,0.7968775932360683,0.18379462200240793,0.20312240676393167,0.5829485566643271,0.28389474951487176,0.4921349705375377,0.29905380714945534,306
291404,S1,W29U_C9C26419E0818E40CBA4D6F3,5,0.8434353279698392,0.8573846833692734,0.9964831748671804,0.013949355399434205,0.00351682513281959,0.5133211821109224,0.510516187769439,0.07887658636825723,0.002804994341483402,307
291404,S1,W29U_C37CB46A6C677AD0D2838FA4,5,0.7999246369457923,0.851353262044532,0.9701991225447205,0.05142862509873969,0.029800877455279484,0.5528173411723253,0.536264792066028,0.19939134565433797,0.016552549106297332,308
291404,S1,W29U_03C728A071DA819C6F3B21E4,5,0.830464280121428,0.8679694699486744,0.9909373329006014,0.03750518982724638,0.009062667099398625,0.524399640082221,0.4810617391202865,0.08339529050467706,0.04333790096193446,309
291404,S1,W29U_C93146E96852E40F0233C116,4,0.7888929785325994,0.9457760151329646,0.8100012871511388,0.15688303660036518,0.18999871284886116,0.5419192843374996,0.2887910140398066,0.48503662988113183,0.25312827029769297,310
291404,S1,W29U_3F4110C5508739D0A0562757,5,0.9331423106296064,0.9374923932530507,0.9931911827820766,0.0043500826234442735,0.006808817217923369,0.3449134436028949,0.3582587140744206,0.0949193347391655,-0.013345270471525728,311
291404,S1,W29U_5225D08BCA1DB372E74B864E,5,0.943869452760904,0.9434995860808868,0.9984767323109287,-0.0003698666800171502,0.0015232676890712948,0.2730224683753378,0.29665464996964047,0.07042909836905337,-0.023632181594302692,312
291404,S1,W29U_3B1DE5598F0CCCE7F61AFBE1,5,0.8845651195349294,0.9006228934512299,0.9964007729689994,0.016057773916300477,0.0035992270310005736,0.4600197756307833,0.44588905681749474,0.06714901332316983,0.014130718813288534,313
291404,S1,W29U_E8621BBB9863314435A966E1,5,0.9628665146784303,0.9206397431562754,0.9763910827542082,-0.04222677152215493,0.02360891724579184,0.21722336279648233,0.3093749571097563,0.20688030461477816,-0.092151594313274,314
291404,S1,W29U_0BDB0E4B75075FE966B69FDA,5,0.8681668155498674,0.9001107459907777,0.9915063511845466,0.03194393044091026,0.008493648815453447,0.4839994262775582,0.44406424805254197,0.0795740290404612,0.039935178225016243,315
291404,S1,W29U_099BE3736653346E3715B34A,5,0.8669042701390708,0.8777737178580154,0.9969126629886287,0.010869447718944603,0.003087337011371316,0.49198467724923456,0.48951947372537113,0.07224497510963887,0.002465203523863424,316
291404,S1,W29U_32F562E65836D385C8CB4933,4,0.9620026594481509,0.9470215719954923,0.9955339299486716,-0.014981087452658581,0.004466070051328375,0.1733119872890295,0.17596907775538723,0.09316286915672896,-0.002657090466357731,317
291404,S1,W29U_BFAD2644EFC4F67B5A47D53E,5,0.9440954468585316,0.952039454162301,0.9976122787157973,0.007944007303769318,0.0023877212842027262,0.28596054615813365,0.29110824281937747,0.0695786514208829,-0.005147696661243817,318
291404,S1,W29U_06C75BD11D18D5EDD00EABD8,5,0.9528626185074959,0.95719870284662,0.9983391211400956,0.0043360843391241355,0.0016608788599044022,0.24168581831369637,0.25430091032338703,0.06058213601923901,-0.01261509200969066,319
291404,S2,W29U_326073E5F43273FC845408A0,4,0.7313379594572276,0.7428676602681484,0.9980527942310697,0.011529700810920862,0.0019472057689302602,0.887934266257471,0.8968199137779612,0.14218428051587476,-0.008885647520490259,320
291404,S2,W29U_76811E4D88E5C2FA3ACD9DD3,4,0.934037743618904,0.9365052088435264,0.9770151261096772,0.0024674652246223783,0.022984873890322777,0.7851340605467104,0.6647121010415438,0.5028710744672872,0.12042195950516665,321
291404,S2,W29U_7091BA5B54BA708C00866B17,3,0.9341480227126872,0.927332320854985,0.9989754797319783,-0.006815701857702194,0.0010245202680216892,0.9529010141694871,0.952492020558004,0.13643041843194567,0.00040899361148316604,322
291404,S2,W29U_F7AB4F136A77970A34D1A43F,3,0.7842845858737336,0.8200413449220738,0.9503378225114952,0.03575675904834019,0.049662177488504766,0.9417067537272196,0.9164957546727552,0.6252939936726434,0.025210999054464334,323
291404,S2,W29U_8E712C01124CEB485ECD2748,4,0.785904382153074,0.7665253122592351,0.9523895516067853,-0.019379069893838863,0.04761044839321471,0.914665089961514,1.4908189588105714,0.9854700512705253,-0.5761538688490574,324
291404,S2,W29U_FA9D93D425F5C70A742F5E9C,4,0.9856857367271553,0.9753161084432171,0.9941847980065501,-0.01036962828393817,0.00581520199344987,1.250933121046541,0.7003713763328273,1.1603064710359532,0.5505617447137138,325
291404,S2,W29U_A95DCDBC237EC90DA99443C6,3,0.7672778042554439,0.6952837309326458,0.9441034580959334,-0.07199407332279806,0.055896541904066566,1.2746012225006291,1.3249717838684918,1.051470491212144,-0.050370561367862665,326
291404,S2,W29U_75056D080DB9B6E897E24389,3,0.9690821479131179,0.9729571308551132,0.999638788249884,0.0038749829419952864,0.0003612117501160528,0.7913614382965053,0.6868860403361065,0.13466998292490523,0.10447539796039884,327
291404,S2,W29U_5D3E6C4B86EA4699F1BA5BC9,4,0.9235313054956802,0.9990512142602082,0.9251637575919152,0.07551990876452797,0.07483624240808484,0.6621207717967098,0.037208400741691065,0.6666550640661483,0.6249123710550187,328
291404,S2,W29U_F0BEB3AB1E28EE7E91693942,5,0.8763932089522838,0.9945305827662704,0.8916703651508049,0.11813737381398659,0.10832963484919511,1.6919223792947342,0.09588042302204078,1.6981883912490172,1.5960419562726935,329
291404,S2,W29U_5D7544863F07E544752F14A3,3,0.9795579102502696,0.9840860001710338,0.9959106065121356,0.0045280899207641445,0.004089393487864412,0.7208937010276286,0.5614205051013317,0.21894702854442055,0.15947319592629694,330
291404,S2,W29U_894380770DDE02AAD0312DF3,5,0.7481593198056746,0.9784533106061662,0.7923796668663767,0.23029399080049162,0.20762033313362327,1.1962697767442816,0.1516714040234758,1.1681757519281366,1.044598372720806,331
291404,S2,W29U_B580C1E61BF9DD2D208CAADD,4,0.981185141320748,0.9839194365088587,0.9773889823263753,0.002734295188110747,0.022611017673624723,0.38438382656802306,0.49509094225459577,0.6577816603892228,-0.11070711568657271,332
291404,S2,W29U_2341959B2E16642BC6F095EA,3,0.8702461930762245,0.8771316334474794,0.9963727351078497,0.006885440371254825,0.0036272648921502615,0.9654264803069766,0.9641495055602762,0.06640586565018367,0.00127697474670041,333
291404,S2,W29U_892DA025ACDFF84933321F20,4,0.8248687359612716,0.7751354471067592,0.9784039027353042,-0.04973328885451245,0.0215960972646958,1.355511051660236,1.339437798135363,1.2679773032848431,0.0160732535248731,334
291404,S2,W29U_73065A553DFE906571964300,4,0.9291938791980532,0.9330713119700706,0.9926343683423695,0.003877432772017464,0.007365631657630489,1.3802692087204587,1.129157831689506,0.3403181820210629,0.25111137703095276,335
291404,S2,W29U_C60ABF0DB56F7FBB9895074C,4,0.46667361130207097,0.6394926475017404,0.8466841982686271,0.17281903619966943,0.15331580173137294,1.192411490037246,0.8181277336817903,0.6738785470394456,0.37428375635545574,336
291404,S2,W29U_3DF0E7AAB226AAD308C16CE9,5,0.7743299358514448,0.720497755723787,0.9369498039620232,-0.05383218012765778,0.06305019603797679,1.5927311910854125,0.9770899740025473,1.8240990532692707,0.6156412170828652,337
291404,S2,W29U_BFB40E437B015FF1CAF06607,3,0.9751223046991435,0.9773421041765498,0.9967858189288977,0.002219799477406248,0.0032141810711022734,0.9265711785244904,0.8988504566624417,0.0688652726598179,0.02772072186204877,338
291404,S2,W29U_CEE8A1F4EEDE37ED7EE387BD,3,0.7315928404765879,0.9671907822759643,0.7640474832650473,0.23559794179937643,0.23595251673495266,1.308705956302519,0.4555978776227824,1.1313338752116455,0.8531080786797365,339
291404,S2,W29U_FDC8D87187069F82ADEA16CB,3,0.9587973574213008,0.990142055801542,0.9405312835583125,0.03134469838024123,0.0594687164416875,1.2147133490771276,1.0467554212442884,0.6572978234609957,0.16795792783283914,340
291404,S2,W29U_930765BC222C77ED6DA8FCF1,3,0.9733965511612334,0.9789572805366838,0.9964768537681529,0.0055607293754504905,0.0035231462318471296,0.8622246078651451,0.8671745304823062,0.07154544243089407,-0.0049499226171610955,341
291404,S2,W29U_8554CD43CD3B32615F3A644F,5,0.7484309735952305,0.9803156092054012,0.7770603774133662,0.2318846356101707,0.2229396225866338,1.1866119132035113,0.14058121659985207,1.1618919338345564,1.0460306966036592,342
291404,S2,W29U_3312DE18215FD10EB1066B20,4,0.8030599556731328,0.947227085144478,0.8346518409173515,0.14416712947134513,0.16534815908264855,1.2108774744211348,0.7875408421475867,1.2330593126143985,0.4233366322735481,343
291404,S2,W29U_A2599D3295EC0563B06B9904,4,0.9836205241534246,0.9985651214305826,0.9787049654057977,0.014944597277158023,0.021295034594202344,1.2024791502507777,0.06101908814578756,1.202534245451097,1.1414600621049902,344
291404,S2,W29U_61CA805816309171BA652E24,2,0.9637404952491833,0.9258899772480564,0.9863000314638739,-0.03785051800112682,0.013699968536126095,1.313595300686201,1.340950899061974,0.13440254860783502,-0.02735559837577317,345
291404,S2,W29U_4A949BC43B7EBA039FBCF755,4,0.9882164351392233,0.9921958725229714,0.9765689823349203,0.0039794373837480634,0.023431017665079712,0.6627134580694402,1.2138647311363084,1.4488555279616058,-0.5511512730668683,346
291404,S2,W29U_BAEA92E0AF8EFDA4A5D1A272,4,0.9929964667480673,0.9747270343495646,0.9902184971858229,-0.01826943239850265,0.009781502814177112,0.9817922277060862,1.0275448625560901,0.41652885134698914,-0.045752634850003915,347
291404,S2,W29U_7B66010E91B04E7D027A4DB1,3,0.5579675123150983,0.6569127530539465,0.9136123974364315,0.09894524073884814,0.08638760256356848,1.0218885619428277,0.9983228133901588,0.6580366422544172,0.023565748552668908,348
291404,S2,W29U_C1EEFD3EC60839B7FC16C567,5,0.8585399847329181,0.8610653624243156,0.9866677666327457,0.00252537769139749,0.01333223336725431,1.0997772315095355,1.6309753723541718,1.377301835566128,-0.5311981408446362,349
291404,S2,W29U_845964ADB660A765D929E61B,4,0.8068981732206687,0.9368124934632589,0.8349299209461308,0.1299143202425902,0.16507007905386917,1.3714627006387607,0.35943593107702093,1.421582450665775,1.0120267695617398,350
291404,S2,W29U_35C707ACB41E5A2BB2C7F4F4,4,0.9465371426377079,0.9287045608711942,0.9898787827136744,-0.0178325817665137,0.010121217286325646,0.833892706947612,1.2598837287927076,0.8040140830149464,-0.42599102184509563,351
291404,S2,W29U_949CC7C8E67B372BAFDBC304,4,0.9174960678238313,0.9207526208510127,0.9716002487862088,0.003256553027181419,0.028399751213791236,1.7208708170775355,0.7721649232308855,1.3542630801155393,0.94870589384665,352
291404,S2,W29U_66B630D7911A20329B5E4CE5,4,0.9877181842664358,0.9870230556001575,0.9973119215010736,-0.0006951286662782996,0.002688078498926383,0.5881815123087686,1.0933176908578366,0.9164063143588655,-0.505136178549068,353
291404,S2,W29U_4AB8314629FC2762CF312EFA,4,0.95158559712853,0.9453907169817483,0.9942352657579587,-0.006194880146781712,0.0057647342420412695,1.5177194791921353,0.954794832389223,1.1800909763228182,0.5629246468029123,354
291404,S2,W29U_350A2A50D509582EE77C5BC2,3,0.9182532553930759,0.9226509866724909,0.9979033850978792,0.004397731279415007,0.0020966149021207636,0.9483309705966245,0.9530451533381062,0.09369485860659883,-0.0047141827414817206,355
291404,S2,W29U_900AA2BEA87870498EC902FB,3,0.7198965894188795,0.7298458612325948,0.9973605756010371,0.009949271813715299,0.0026394243989629196,0.923637127150122,0.9221820153244045,0.0688119823180892,0.0014551118257175588,356
291404,S2,W29U_A28F88AE9DF49C367E44FAD1,3,0.9417858920454184,0.9390135245558615,0.9988783636292894,-0.002772367489556893,0.0011216363707106103,1.0544232960116457,1.0575824717760056,0.050855045126909824,-0.0031591757643598672,357
291404,S2,W29U_5D9D815DFF68050432EF99CA,4,0.943403283129199,0.9403540797439343,0.997244577090695,-0.0030492033852647094,0.002755422909304972,0.7802351766543631,1.2384581612899686,0.5361606470392141,-0.4582229846356054,358
291404,S2,W29U_5CE02771C093B1300C2D102D,2,0.987818427911475,0.9973356915142005,0.9828408539596893,0.009517263602725534,0.017159146040310658,1.345577341636884,0.1774188115782511,1.3632892247789625,1.1681585300586328,359
291404,S2,W29U_08B2456A07EE4238C5B02531,4,0.9398817039703385,0.989419088257593,0.9326617294546281,0.049537384287254405,0.06733827054537189,1.101604458000866,0.5612826828740144,1.1306227933542023,0.5403217751268515,360
291404,S2,W29U_DEE413EAB57AC5251CC94C3E,3,0.9037686772414224,0.9400353231944893,0.9883694197657705,0.036266645953066945,0.01163058023422947,0.8985407027893598,0.8633242668812289,0.11201583400146661,0.03521643590813095,361
291404,S2,W29U_D81E592C61FB76827E183645,3,0.533135869516219,0.6719491629176755,0.9257441101250258,0.13881329340145643,0.07425588987497422,0.8450873134708903,0.48184817306815947,0.5182282998833605,0.3632391404027308,362
291404,S2,W29U_1132CA32846D8F057C579B58,4,0.9279588538126649,0.9987254684502231,0.9246585923749842,0.07076661463755829,0.07534140762501584,1.7820308386302495,0.04594978276673849,1.7847121888334605,1.736081055863511,363
291404,S2,W29U_FE6861630248BEA0B78E17F9,5,0.7692218132439219,0.9785401328590504,0.7899963814693256,0.20931831961512848,0.2100036185306744,1.4262011286532468,0.8397437723625494,1.3422321037537963,0.5864573562906974,364
291404,S2,W29U_4B296E6D957772C67FE3C252,4,0.7523741215237483,0.6820392162396256,0.8665329251349936,-0.07033490528412267,0.13346707486500642,1.1592742680520747,1.5306775148732141,1.276729996597964,-0.37140324682113945,365
291404,S2,W29U_A7B8E37FC1BCCA0FFB6D7F9E,2,0.735862623200617,0.8739842757114176,0.8184036334067296,0.13812165251080055,0.1815963665932704,1.450512898829719,1.421664103908497,0.9325570109616691,0.028848794921221943,366
291404,S2,W29U_E40515EC2262E92D9B884A15,2,0.9257304510492133,0.8906544225613435,0.8568405601328909,-0.035076028487869726,0.1431594398671091,1.362299763920734,1.5728561492711197,1.2911562538449834,-0.2105563853503858,367
291404,S2,W29U_41FD60E27CD7FE165904AA23,3,0.7943458145169414,0.842415347008934,0.9643650564663532,0.04806953249199253,0.03563494353364682,1.024206891851126,0.9940467282981195,0.5936168301942687,0.030160163553006547,368
291404,S2,W29U_F38CAC611236E1EDC4F0B734,4,0.9904521409381394,0.9893677558649643,0.9964046491630562,-0.0010843850731750981,0.0035953508369438447,0.848196061187258,0.3779388938131978,0.6374200958704357,0.4702571673740602,369
291404,S2,W29U_253B572365B24FEC3BC50C3A,3,0.923853605676379,0.9324690411220041,0.9957498779253373,0.008615435445625153,0.004250122074662688,0.935084927868779,0.9360427174936734,0.07514008189878384,-0.0009577896248944562,370
291404,S2,W29U_9EC6A4D2F3C37960EF79F609,2,0.9829297245583242,0.6360427039135582,0.6805118375878731,-0.34688702064476595,0.31948816241212685,1.4070405227275462,1.5462632487806802,1.091460528516802,-0.13922272605313402,371
291404,S2,W29U_2EE18F548561B5DF87AA953F,3,0.8498462215644841,0.842571047834772,0.9934909953440129,-0.007275173729712092,0.006509004655987138,0.9468354040306617,0.9366091219849471,0.1280840009339345,0.01022628204571463,372
291404,S2,W29U_03F715C9B2E6CAD085714748,3,0.8060102404702674,0.811680316573129,0.9972786820967735,0.005670076102861632,0.0027213179032264945,0.9322267361014175,0.9413372209204687,0.06175881477693421,-0.00911048481905119,373
291404,S2,W29U_6E1CE2BCDE6D0C1A10B6BCF1,3,0.9659558756682395,0.9653704110779922,0.998102616236655,-0.000585464590247331,0.0018973837633450286,0.7564813603498158,0.7622524217268938,0.06349824536252388,-0.005771061377077946,374
291404,S2,W29U_B37F78D6C87C711025971C0A,4,0.4568413665005193,0.6700454759974648,0.8150705731187649,0.21320410949694546,0.18492942688123515,1.1540482430091898,0.7323663600784767,0.7185551476995706,0.4216818829307132,375
291404,S2,W29U_BA8F0BBA7DD34894F52D8984,3,0.5411836064015111,0.6330287796161642,0.9294787349107113,0.09184517321465313,0.07052126508928869,1.0803834864635855,0.9467584192340841,0.6806249940926129,0.1336250672295014,376
291404,S2,W29U_1A76051F68A035461FA58639,3,0.5203428144597605,0.7893338153906978,0.7397002726570077,0.2689910009309373,0.26029972734299234,0.9371401073838166,0.4386137959515478,0.8041477175206714,0.4985263114322688,377
291404,S2,W29U_2E4321BF2DB1D8DD3E839BC4,4,0.9239612322476579,0.9292721113663238,0.9960698752897253,0.005310879118665901,0.003930124710274652,1.733159657645891,1.5775409488123473,0.1896192615139063,0.15561870883354367,378
291404,S2,W29U_F0D8813BABEB03235BE3F5F1,3,0.6494711774237979,0.7069323986067656,0.9739974504769836,0.0574612211829677,0.026002549523016394,0.9798446112762638,0.9052143890260962,0.2244515134109751,0.07463022225016758,379
291404,S2,W29U_75E1B5DFD8A7A539DE8FC900,3,0.47499159767343785,0.5899604427176414,0.905796096414853,0.11496884504420352,0.09420390358514696,1.0660544246839299,0.9881945430978551,0.9045166710132693,0.07785988158607471,380
291404,S2,W29U_9F64F2ED6522A8545701DEE2,5,0.897367319613706,0.9948901492718658,0.8870907916423842,0.09752282965815984,0.11290920835761575,1.5638165699696835,0.08815082514868527,1.5755088451583503,1.4756657448209982,381
291404,S2,W29U_1B1E7F331C8C1B7B2435E8C2,3,0.8768956165965994,0.9278845887282836,0.9849116300545236,0.050988972131684185,0.015088369945476354,0.9164058812651869,0.7779299059664851,0.21316948967910124,0.1384759752987017,382
291404,S2,W29U_8FEF3BAD240070F8614650A4,2,0.9171048717163413,0.961446203028059,0.916039986320752,0.0443413313117178,0.08396001367924799,1.355154789117978,1.3806501172920056,1.5863343842022113,-0.025495328174027554,383
