C_R_midpoint,E_int16,E_int32,E_int8,E_local,I16_I8_relative,I32_I16_relative,checkpoint,stratum,unit_id
0.41611336783659264,2.829204982352393e-05,1.8092118519707034e-06,0.002726104683066867,0.7552713221451259,0.0026990864083448595,2.6555573555480425e-05,291402,S1,W29U_2B98D8963199CEBD39881CF3
0.12329651938764882,1.6747973637153332e-06,1.667513777201638e-06,2.1740812715183617e-06,0.18426265203522676,1.2750914366049795e-06,9.649218872721909e-08,291402,S1,W29U_11EACAC0A69B433BE5335374
0.11874013682299377,1.7328355990946773e-06,1.79210830862178e-06,1.8307822363291124e-06,0.09566768800294619,1.3351149948098792e-06,1.5430456243726692e-07,291402,S1,W29U_CDB45AA59812E048F89D1FEF
0.09946263016083118,2.6033413488008986e-06,2.639678425524935e-06,2.474942407810949e-06,0.23074876724834015,1.1030055027827572e-06,8.611227814227742e-08,291402,S1,W29U_D8CFC7B512CCF79D00E3DA72
0.08406274020713482,1.9727468809912767e-06,1.9565152724280597e-06,2.637531870730394e-06,0.14303877415871352,1.002412724425033e-06,4.7332217217667817e-08,291402,S1,W29U_0C150BD91825DDE5B26260D3
0.17920791710639977,1.167436359419878e-06,7.632332721869276e-07,1.4743392803112407e-05,0.3346006309807545,1.3848445802304745e-05,8.858862847053024e-07,291402,S1,W29U_2F5C149851D9AB038AA06566
0.6131160028903353,5.476652480280088e-06,8.955891012316963e-07,0.00013391676684952218,0.7885599868431271,0.0001285393704039349,5.1181901766962945e-06,291402,S1,W29U_A3B6D3BDB73A7B2D4AE044E2
0.2471309102401976,1.0974350853789273e-05,7.579104369448674e-07,0.00021660690019757172,1.540307302861543,0.00020590807753012065,1.0507926576504155e-05,291402,S1,W29U_AC8C1DB17FDD8141A366E8D2
0.4260298760308936,1.8900690100988345e-06,9.513163460526053e-07,2.5676692896282386e-05,0.390774587349895,2.3999217280981305e-05,1.3793074364443668e-06,291402,S1,W29U_B1AA4B604A313D5010E1A61F
0.5420060510184062,3.105045744572284e-05,2.037492791331704e-06,0.0021290303247310004,0.4363446005686164,0.002100564842641981,2.9219141339278374e-05,291402,S1,W29U_4BC3ADADD4685C9154124B37
0.2168250716062163,2.3779318076840367e-06,1.0150976749443194e-06,3.488480005891122e-05,0.6389913528636872,3.2722963374824375e-05,1.9983394173450377e-06,291402,S1,W29U_62F02A00E48B9E836FA9D0FE
0.2378247187385781,6.703584646851872e-06,8.111290027780469e-07,9.845669898709212e-05,0.8040391290851497,9.180641736239633e-05,6.556074872436702e-06,291402,S1,W29U_E53925AE8D426CFBA11CA56F
0.4899099276607737,8.307789562671278e-06,9.132006353489341e-07,0.00013995980158786574,0.2567783440013222,0.0001316749881565482,7.617993931712973e-06,291402,S1,W29U_5E9585B5B6DBFD2154636B70
0.20425837679272174,5.7001394011755365e-06,7.09621674678604e-07,0.00010852403532913986,1.2135981993106155,0.00010346885998341854,5.469988388329623e-06,291402,S1,W29U_E9525766D7F0FD19E74D6A7E
0.29016851791639403,1.5557814473159513e-05,1.2640250708607627e-06,0.0002704321061863222,1.2632324417334857,0.0002555521335858514,1.4468457675306304e-05,291402,S1,W29U_BA70175A76438B66A59B5FB8
0.2706993256147164,8.645449631788678e-06,8.08602010387909e-07,0.000136599981349874,1.3585843246484457,0.00012843507910780143,8.06008285644553e-06,291402,S1,W29U_A972A9FE615861DB83C1C26E
0.469929393119708,2.903743324145858e-05,1.7586753508398287e-06,0.0014216289762183517,0.5828614901523569,0.0013949508046852783,2.7507275952026247e-05,291402,S1,W29U_D72E64A6FE3FD6481A8DD4F3
0.0958165346408428,2.6052444523365532e-06,2.6513396128233605e-06,6.102183112279937e-06,0.23053153223191644,5.530627396434396e-06,4.1726320578341945e-07,291402,S1,W29U_AAD068AB87B51FB466F1641F
0.5497222535432769,5.71836857138165e-06,7.561798455942648e-07,0.0007620856561214845,1.5054803346012695,0.0007635654130372499,5.274463068557398e-06,291402,S1,W29U_6CFF1D75487CD3A42D913977
0.31685847205414697,1.2657802363796141e-05,1.1836647454140728e-06,0.00029298662435657687,0.6010201114691858,0.00028058772482628363,1.1911197784533107e-05,291402,S1,W29U_E39EA8A21758C10BCC5F4B25
0.6679371336442608,1.42106488222136e-06,7.494772699174142e-07,2.0813311302192617e-05,0.2209884779150695,1.9595967900643993e-05,1.2870288297032792e-06,291402,S1,W29U_C886BB9C0B293A1ED9758B14
0.3091136642168349,4.1432344881456393e-05,2.5755854045980603e-06,0.001445534811474244,0.5774786322299762,0.001404700415419967,3.896536475926836e-05,291402,S1,W29U_A5910054BB855156E9B32F8C
0.12504299687112427,1.8165981718321638e-06,1.828909705981621e-06,1.8259638706778557e-06,0.19226403153106458,7.503638991571713e-07,5.6825483915316905e-08,291402,S1,W29U_2A89DC488AD15CBE1249ED0D
0.11541642601311726,1.298923402901791e-06,1.208942361722868e-06,4.703094769297323e-06,0.07198362523646949,4.049242230174218e-06,2.666087492337129e-07,291402,S1,W29U_9D11D773ABD3D5DDFD96D857
0.31870643423437106,2.607982303077884e-05,1.942687484277182e-06,0.0009706913447301141,0.6130841686438933,0.0009479296589660806,2.4332147578006917e-05,291402,S1,W29U_B52BC9EA0A5865F529FD944F
0.2661610951916816,6.41575905031779e-06,1.3975234209634032e-06,0.00011704574943538837,0.49340057431128026,0.00011076908964473065,6.315123058000882e-06,291402,S1,W29U_994622A6D5AD3781B8DCA5E7
0.1689834646999564,1.5007277507939995e-06,8.468301850373779e-07,1.835469145163487e-05,0.27556020908334,1.708087316205247e-05,1.0568491106534798e-06,291402,S1,W29U_35D26B470FA840A2B61FA7BD
0.1536897819257576,2.3208181169759704e-06,2.2530670432110764e-06,5.718280067145668e-06,0.3892451945431526,4.520501299318635e-06,2.5567750257560104e-07,291402,S1,W29U_D863F5D445E32C9CFE045647
0.1621397463137121,2.7378692940432134e-06,1.8566634374467504e-06,2.7611991009316947e-05,0.4010676358385869,2.5492890568913684e-05,1.5768122628541138e-06,291402,S1,W29U_30410D146F275D9B501A8D8B
0.2435068578692164,9.051956222775225e-06,1.4680117264009826e-06,0.00014358874264755196,0.740750516858036,0.0001347617476171878,8.343209206455836e-06,291402,S1,W29U_AB05A2088E675A5855032D7A
0.13835682064426313,2.3089774100869177e-06,2.0608087302557806e-06,2.01926626097563e-05,0.438373875787526,1.9042661673601098e-05,1.1642213969578932e-06,291402,S1,W29U_CBC2DCAEF6675B5D9A70E2E5
0.5408825911558477,2.1954698752020282e-05,5.917509923223374e-07,0.003845221916470133,0.5792458564757098,0.0038364785793819824,2.1916131693766435e-05,291402,S1,W29U_21A4C462A4AB85B5ED8A8FB9
0.1909495790396604,2.7615259089855306e-06,2.6799455287572855e-06,1.3049780917309382e-05,0.451180018475115,1.2158539644242877e-05,7.160559707222796e-07,291402,S1,W29U_229702C2BCB73563FD30EE1D
0.522677554482791,3.6454473276547415e-05,2.1013617816855424e-06,0.0023139292564019766,0.49876062836915436,0.0022794026537335584,3.447639055024592e-05,291402,S1,W29U_3BDC39A40CA0FF75A3C3A3A6
0.13663109074191462,1.8376263798229085e-06,1.7933402271446099e-06,2.848185381222781e-06,0.1655070441043619,1.6405721951560028e-06,1.2398178655841555e-07,291402,S1,W29U_4C6ED1EB798517953D0DC778
0.08782438307763764,5.657667559557312e-06,5.69997843060494e-06,5.657235980876758e-06,0.26308361054051227,1.0742829927802615e-06,1.7815116777593664e-07,291402,S1,W29U_75132999B0C6E0EEE43BA989
0.18318877900994843,1.2438627163066926e-06,1.1884456393187196e-06,4.871684889418272e-06,0.3607228687065257,4.360238160017379e-06,2.829641613363736e-07,291402,S1,W29U_F6CAD417553B07D618F9E108
0.2735462518801588,9.249552024752189e-06,1.6383756746146885e-06,0.00014430522838833912,0.6326042540488079,0.0001352368294392786,8.290607886179375e-06,291402,S1,W29U_E5D1686A18607C9EE6DB4092
0.19927217235898886,8.066415966306576e-06,8.271601587928567e-07,7.694339571400017e-05,1.543985126138615,7.049936590059505e-05,7.564634669685779e-06,291402,S1,W29U_93A1C9E34685B6807135F4C8
0.10219671695535293,4.352716793145111e-06,4.329143261800753e-06,4.781685957202316e-06,0.35559517638066584,1.5220708420416108e-06,1.0348599785713728e-07,291402,S1,W29U_F2575FC5D972AB054D7C658A
0.36677369474204347,4.379419460952313e-05,1.1742826323760198e-06,0.0059976314911640285,0.6153843788780228,0.006037044343805978,4.282143053156969e-05,291402,S1,W29U_0400BA4294543C5E4BC160A2
0.15224855878483337,2.789278438343991e-06,2.7693966241853932e-06,6.1360735347446406e-06,0.34804395740343735,5.202108234778037e-06,3.420452277997452e-07,291402,S1,W29U_7A5126EDF2108BF759D41021
0.12960208760778943,3.3162075363453374e-06,3.305165391121083e-06,4.562470258795517e-06,0.32743249525162865,2.691745453684328e-06,3.7950332654340665e-07,291402,S1,W29U_4542EF183B2513200195497A
0.14649531014469766,2.4084670952777278e-06,2.402723251064605e-06,7.81335697249355e-06,0.2658694385150866,7.165795136969415e-06,4.12198114253256e-07,291402,S1,W29U_1286685795C121BE6FFD658C
0.11620246587733639,2.055206472464265e-06,2.056190127258596e-06,2.0879951190351505e-06,0.169123126621405,4.783125175701234e-07,4.130421337231942e-08,291402,S1,W29U_1EDF61048BA683FEF104C62A
0.22880198011612382,3.826915642644882e-06,2.226816487045894e-06,5.194797376022574e-05,0.4818625697127347,4.8806355797487345e-05,3.0019298379585306e-06,291402,S1,W29U_D215F181D8F005BABBB41D37
0.3220602005337496,1.1642225102108338e-05,1.0380333087885821e-06,0.00018392135147325775,1.4542488116633776,0.00017286953778627575,1.081672078885617e-05,291402,S1,W29U_339AD37DFA36D01C73FDFF3C
0.10183061528597773,2.993172741971997e-06,2.9736484610279234e-06,6.022956202715201e-06,0.4001984351299521,4.85887783822647e-06,3.7092670147968804e-07,291402,S1,W29U_6E065B84AB4956262BB4BD6F
0.2149362507152852,2.36235039048366e-06,1.0072018761883093e-06,3.0480047379744865e-05,0.7663117925445152,2.9248474007457337e-05,1.977033622747062e-06,291402,S1,W29U_927D329B3C584BE046A0AFEA
0.20773397254621478,2.0233787413552264e-06,8.580849959738455e-07,2.4133311622147758e-05,0.7859250415150949,2.233118432188453e-05,1.6952605138426852e-06,291402,S1,W29U_B497E36FB07F5FA1D12D6681
0.2646616989794228,9.300761208047193e-06,7.636018274457851e-07,0.00015495884378841323,1.416436342149079,0.00014612915721010276,8.836275655704414e-06,291402,S1,W29U_C262155F67E1F514B8FA68C7
0.27511988713852625,1.983397831585367e-05,2.462391456152211e-06,0.0003461284994688497,1.0633027896568141,0.0003263806903595038,1.81891403556363e-05,291402,S1,W29U_C9C26419E0818E40CBA4D6F3
0.3057964152265378,1.4429370561698268e-05,1.3443772738253165e-06,0.00024860129695345763,0.6351306701050681,0.0002343965126490821,1.3709985661902561e-05,291402,S1,W29U_C37CB46A6C677AD0D2838FA4
0.5693621141816669,1.66850569397912e-05,1.8644254119418086e-06,0.0002784390726817646,0.37543709288868937,0.0002618247427606706,1.5538890240084432e-05,291402,S1,W29U_03C728A071DA819C6F3B21E4
0.2905659456515404,1.092726439765271e-05,9.053156840496423e-07,0.0001358400507764838,1.636082717498859,0.0001254491646414676,1.0191118631508486e-05,291402,S1,W29U_C93146E96852E40F0233C116
0.20146998838757613,2.096668655745095e-06,2.1646942695511928e-06,3.370971892370213e-05,0.3339563457178049,3.269620104271536e-05,2.032225039836414e-06,291402,S1,W29U_3F4110C5508739D0A0562757
0.25098948396978804,3.2808626177291633e-06,3.029078453777087e-06,1.5669625396639168e-05,0.29448360051829,1.3854196184603542e-05,8.387899636542556e-07,291402,S1,W29U_5225D08BCA1DB372E74B864E
0.5591420382835477,1.6223232473190438e-05,2.3483881014272982e-06,0.0002718405929502161,0.3857397031302644,0.00025575262603865406,1.5004782503560086e-05,291402,S1,W29U_3B1DE5598F0CCCE7F61AFBE1
0.405354380808042,2.2846914935627715e-06,1.174346048951753e-06,2.903703696496884e-05,0.3823218904409106,2.7035391281341462e-05,1.7072321413904629e-06,291402,S1,W29U_E8621BBB9863314435A966E1
0.3437647057854273,1.3690649267100005e-05,2.3557484764200617e-06,0.00021366632737698056,0.366751789888174,0.00020008380876775878,1.2123164249732526e-05,291402,S1,W29U_0BDB0E4B75075FE966B69FDA
0.618320143201929,1.0888793798358948e-05,1.7838152584067861e-06,0.0002163446789673013,0.457520418818084,0.00020568639403364825,1.0480861183260088e-05,291402,S1,W29U_099BE3736653346E3715B34A
0.20245576476641994,1.9830748875059097e-06,1.9174590973870056e-06,7.883672069723245e-06,0.23661408331540001,7.13041635090069e-06,4.3021715551551934e-07,291402,S1,W29U_32F562E65836D385C8CB4933
0.24525664126251262,2.760788399185409e-06,2.8338368206621574e-06,1.8074096034338278e-05,0.21880951520313105,1.7448170574551296e-05,1.1463312219065728e-06,291402,S1,W29U_BFAD2644EFC4F67B5A47D53E
0.14687300299532563,2.7535692078133007e-06,2.853563955841115e-06,1.539757144068983e-05,0.28410519403839113,1.4920534280906434e-05,9.44782215694354e-07,291402,S1,W29U_06C75BD11D18D5EDD00EABD8
0.17581666356175868,7.91934215526706e-06,6.55267439041532e-07,0.00012817038985397163,0.8404936899798241,0.00012039759484668513,7.439499018648912e-06,291402,S2,W29U_326073E5F43273FC845408A0
2.678044683780271,1.0024020800026553e-05,6.468176710514715e-07,0.00015710800351486338,0.7549598164392839,0.00014709230903022516,9.474188110170945e-06,291402,S2,W29U_76811E4D88E5C2FA3ACD9DD3
0.18218407223923208,4.282153049323145e-06,5.107717369403937e-07,7.255202816521728e-05,1.0044263757590515,6.829822564331847e-05,3.9890774133797534e-06,291402,S2,W29U_7091BA5B54BA708C00866B17
0.8168797783749243,4.564222566041513e-05,2.3166784837869806e-06,0.0021666505521341912,1.5344673233790067,0.0021537352371036947,4.3389689804555436e-05,291402,S2,W29U_F7AB4F136A77970A34D1A43F
0.47874669019463856,0.027443859089130527,0.000996566394806219,0.25992725533798744,1.2832246110365155,0.28429172480670734,0.026823840475671712,291402,S2,W29U_8E712C01124CEB485ECD2748
0.4278628511966395,3.2846245735074864e-05,1.978997966259639e-06,0.00045298596436084475,1.1492045382871414,0.0004216996197327076,3.090673022157281e-05,291402,S2,W29U_FA9D93D425F5C70A742F5E9C
0.9863275121292763,0.005283290948984001,0.0001383336996953179,0.08706846744628943,1.3528208178383743,0.08485875563939926,0.005302488459367713,291402,S2,W29U_A95DCDBC237EC90DA99443C6
0.6669230261214042,8.933045274874917e-07,5.840096743439326e-07,7.761717620139166e-06,0.2552724618887863,7.035832562621604e-06,5.079769934301812e-07,291402,S2,W29U_75056D080DB9B6E897E24389
0.4918158862080465,9.403416156093418e-06,9.067332983214253e-07,0.00012503520983989222,1.4861463249028048,0.00011572499763579771,8.837769691518859e-06,291402,S2,W29U_5D3E6C4B86EA4699F1BA5BC9
0.5142822248745341,0.0003884594630831463,1.7451004188343506e-05,0.02269259546747723,2.5944525703700214,0.022380254364669845,0.0003742336325816828,291402,S2,W29U_F0BEB3AB1E28EE7E91693942
0.1382887184705226,1.2653614931480132e-06,1.0345638188077302e-06,1.959981936048474e-05,0.8265428438449317,1.8768512903102433e-05,1.1561958251880975e-06,291402,S2,W29U_5D7544863F07E544752F14A3
0.5057592533483107,0.000860184981019872,8.205661770014508e-05,0.011379813387345243,2.0500457930313303,0.012132890246938359,0.0007789840478066967,291402,S2,W29U_894380770DDE02AAD0312DF3
2.532600211477953,5.646623159356809e-06,3.923416763042339e-07,9.659537305681789e-05,0.505625378229591,9.09816041578194e-05,5.363474890761597e-06,291402,S2,W29U_B580C1E61BF9DD2D208CAADD
1.5179294124199483,3.333482786494289e-06,5.626027972192796e-07,5.573067221164386e-05,0.5062432572705547,5.245962440264252e-05,3.035795030807476e-06,291402,S2,W29U_2341959B2E16642BC6F095EA
1.056834793776747,0.02142789768579093,0.0002938790814306028,0.1529824225413249,2.5993365875977488,0.1478530661271284,0.021435483893791567,291402,S2,W29U_892DA025ACDFF84933321F20
0.5105178197858798,0.0013852614575587158,2.719412204196114e-05,0.025306970726135903,2.938007971652775,0.024590766806154234,0.001375769444538994,291402,S2,W29U_73065A553DFE906571964300
0.497006746018487,0.00026143060836819214,1.1440482889212854e-05,0.007575345661930803,1.608331050119758,0.007496131629598434,0.0002531382251670499,291402,S2,W29U_C60ABF0DB56F7FBB9895074C
0.49969344512994635,0.019176794249679253,0.00045313987775409535,0.17907234268894937,2.2670175161504513,0.18769285591737406,0.019268035173526144,291402,S2,W29U_3DF0E7AAB226AAD308C16CE9
0.11951149404597829,9.297477739237432e-07,9.107300386076871e-07,1.0408231307820617e-05,0.5875231812370367,1.0031784591105377e-05,6.199865864123732e-07,291402,S2,W29U_BFB40E437B015FF1CAF06607
1.6848043105099306,0.0008451671010142292,1.9930228840456398e-05,0.021393979745945903,1.046079564199146,0.021095043077222417,0.0008380672057151658,291402,S2,W29U_CEE8A1F4EEDE37ED7EE387BD
0.8314758395262328,2.4962607849409193e-05,1.2934929801940003e-06,0.0008150161981352925,0.6002522976919803,0.0007903243242400562,2.3715979005819e-05,291402,S2,W29U_FDC8D87187069F82ADEA16CB
0.13590318560636738,8.690076252491377e-07,7.924002547761865e-07,2.8784003502644514e-06,0.5210054716093211,2.348033054447141e-06,1.7192759523406677e-07,291402,S2,W29U_930765BC222C77ED6DA8FCF1
0.5037226828108713,0.0015084880153899238,9.306949171289752e-05,0.0028613886286143904,2.4507094276040426,0.0032306412321923385,0.0014156259760255492,291402,S2,W29U_8554CD43CD3B32615F3A644F
0.6742463677690836,0.0042356918050215474,6.735580641215891e-05,0.048450239587784,2.007988841434244,0.05169013684151524,0.004170500490236667,291402,S2,W29U_3312DE18215FD10EB1066B20
0.6673982099657847,3.961588667282606e-06,4.483045577737944e-07,6.842778942280234e-05,0.17207130010050195,6.448248747924506e-05,3.6528852871382213e-06,291402,S2,W29U_A2599D3295EC0563B06B9904
0.6249802108397614,1.6358076650592274e-05,7.651654624949637e-07,0.00026395984081430324,0.3459402037569676,0.0002476182545542858,1.5663641499087238e-05,291402,S2,W29U_61CA805816309171BA652E24
1.534293929645951,5.115823957936445e-06,4.919780702139572e-07,9.250741248451963e-05,0.4092200889076056,8.744032368319638e-05,4.8584461065258585e-06,291402,S2,W29U_4A949BC43B7EBA039FBCF755
1.122649536439169,3.7516335472957415e-05,2.123803976479722e-06,0.0009027305568776737,1.3978651180212114,0.0008665491410435606,3.5433659554466074e-05,291402,S2,W29U_BAEA92E0AF8EFDA4A5D1A272
1.0198181426729283,0.0003355628795026615,2.0519091788875794e-06,0.015143127198413844,1.180423502979079,0.015398925401887847,0.0003350589124219269,291402,S2,W29U_7B66010E91B04E7D027A4DB1
1.1833002656856761,0.00027928091268067303,1.63084127134558e-05,0.03058115872076589,1.194012704243294,0.03057795131189514,0.00027327527652797864,291402,S2,W29U_C1EEFD3EC60839B7FC16C567
0.5622620523679812,0.0010129518700186203,6.866077666555004e-05,0.07660079111693943,3.001988365164664,0.0767330699422235,0.0009814921796039767,291402,S2,W29U_845964ADB660A765D929E61B
2.9651983977330545,0.000888987162705886,1.08438674104856e-05,0.05821637906417493,0.7582117795487144,0.05762579028935655,0.0008886431151343622,291402,S2,W29U_35C707ACB41E5A2BB2C7F4F4
0.5099867595869261,0.0005312532789829078,1.7465991571078202e-05,0.014430223085344222,2.9716338646422513,0.014080522115333222,0.0005190372617001116,291402,S2,W29U_949CC7C8E67B372BAFDBC304
0.7886447346754404,2.1637332250707937e-05,1.4662578279472156e-06,0.00038470566553876114,0.45021256043450003,0.0003642217192401415,2.0214705211067846e-05,291402,S2,W29U_66B630D7911A20329B5E4CE5
0.39232120672741555,0.0001019601761686307,5.9659780532248864e-06,0.002238713898377438,1.3008730166354388,0.0021368057616866524,9.60043827476709e-05,291402,S2,W29U_4AB8314629FC2762CF312EFA
0.1978090219999835,6.241797493301378e-06,5.650120920613231e-07,0.00011548443715223259,1.1175031949659828,0.00010926929108301918,5.991693579783056e-06,291402,S2,W29U_350A2A50D509582EE77C5BC2
0.574781790674453,9.264781379164012e-06,8.606212972920877e-07,0.0001645776785553502,0.9895387137945818,0.0001553862023609496,8.510483287185424e-06,291402,S2,W29U_900AA2BEA87870498EC902FB
0.19971614489451647,3.3868238661946934e-06,6.007997199377297e-07,5.449025064116755e-05,0.840034503485333,5.114294680962341e-05,3.046243686088036e-06,291402,S2,W29U_A28F88AE9DF49C367E44FAD1
0.49353015256089416,8.446736877523353e-06,8.677124537554597e-07,0.00010371442980224912,1.2549329453301596,9.720353328653393e-05,7.951385257070675e-06,291402,S2,W29U_5D9D815DFF68050432EF99CA
0.31299268236363,4.16285857074558e-05,2.617172376399209e-06,0.000851391213502551,1.5606775808007247,0.0008099221747226318,3.9064760086722286e-05,291402,S2,W29U_5CE02771C093B1300C2D102D
0.5821910343913703,9.159325806043804e-05,5.4842096595894345e-06,0.00436447927031001,1.0186103300704659,0.004278894341986594,8.61266794655669e-05,291402,S2,W29U_08B2456A07EE4238C5B02531
0.3152065576497832,1.118154458741001e-06,6.458375167604109e-07,1.982958750318548e-05,0.6597968440673844,1.8873574350618667e-05,1.1844459196906754e-06,291402,S2,W29U_DEE413EAB57AC5251CC94C3E
0.4703426318844329,5.623097343322462e-05,3.157669784932662e-06,0.002034449535243302,1.3072688971552442,0.0019814938731629907,5.309603639993981e-05,291402,S2,W29U_D81E592C61FB76827E183645
0.398977460071705,1.3902215732014584e-05,1.1406152864782762e-06,0.0002578436932240353,2.1423124126250075,0.00024466685191616434,1.2916781855421888e-05,291402,S2,W29U_1132CA32846D8F057C579B58
0.7458590953889486,0.00012612361233760462,7.151450315999213e-06,0.005974301107901674,1.9515492954517333,0.005852109135553741,0.00011898508898488779,291402,S2,W29U_FE6861630248BEA0B78E17F9
0.44626092226884134,0.02438848812070019,0.0002660576412238033,0.09248240108775005,0.780663660363245,0.07473231936410207,0.02459359284510835,291402,S2,W29U_4B296E6D957772C67FE3C252
1.9056013666735545,0.0024601295434380417,5.498836659082753e-05,0.03413465416038378,1.211394393433884,0.032964889459154594,0.0024470494166139406,291402,S2,W29U_A7B8E37FC1BCCA0FFB6D7F9E
1.4910601402884576,0.0003531745536436677,1.795191277198418e-05,0.0065435286970046205,1.731592928854941,0.006353575989445652,0.00033526127547252457,291402,S2,W29U_E40515EC2262E92D9B884A15
0.8479225705075976,0.00011317741917938945,6.611002343990829e-06,0.0042370831859650775,1.0250350142678064,0.0041774698649259786,0.00010680630191703062,291402,S2,W29U_41FD60E27CD7FE165904AA23
2.7830290050424202,1.836728880494738e-05,1.1303945752441913e-06,0.00020361768448330422,0.9264595063506281,0.00018787146014903394,1.730968063350956e-05,291402,S2,W29U_F38CAC611236E1EDC4F0B734
0.40742101236052186,1.470895019713778e-06,5.840761340369297e-07,2.2784602244721243e-05,0.6594062613615278,2.1413151153970735e-05,1.3490474662312213e-06,291402,S2,W29U_253B572365B24FEC3BC50C3A
0.4410132104938188,3.42750907600639e-05,2.139456051477574e-06,0.0008830845250488074,0.5904095249064278,0.0008492733380047634,3.217967107919046e-05,291402,S2,W29U_9EC6A4D2F3C37960EF79F609
0.5949349368888089,2.0320855308282402e-05,1.0800583999742565e-06,0.0006751950688354878,1.1686092931850045,0.0006593463552594652,1.9289612408099585e-05,291402,S2,W29U_2EE18F548561B5DF87AA953F
0.5222399374272059,1.7031109333823303e-05,9.971537503455375e-07,0.0003351922366493476,0.3959746315487752,0.0003181930893175487,1.6103254956294647e-05,291402,S2,W29U_03F715C9B2E6CAD085714748
0.12691309290205358,1.1934314198869994e-06,7.495760407530187e-07,1.6851321409113806e-05,0.7304928911468836,1.5907774440135432e-05,9.606732008183718e-07,291402,S2,W29U_6E1CE2BCDE6D0C1A10B6BCF1
0.5905815891285303,0.00031810809070359687,1.0462256055311297e-05,0.022321727124758304,1.7896903420479529,0.022321448532605107,0.0003120529722876205,291402,S2,W29U_B37F78D6C87C711025971C0A
0.9085874310308714,0.0003291687165544923,3.0719671017946266e-06,0.02920396558850425,0.7611198299358412,0.02933771713217758,0.0003302866364429008,291402,S2,W29U_BA8F0BBA7DD34894F52D8984
0.4963705176440699,0.00015798227016799933,7.861976027797181e-06,0.007313528012659852,2.3032139750469183,0.00719591498659542,0.00015022995123208858,291402,S2,W29U_1A76051F68A035461FA58639
0.5062475481326921,0.000434003212470179,2.047445628635265e-05,0.05429580927187795,2.281191300785983,0.054111251390353804,0.0004189803368577385,291402,S2,W29U_2E4321BF2DB1D8DD3E839BC4
0.3516586522862469,3.654904007434719e-05,2.160386751231209e-06,0.0008352219720366833,0.622444673599313,0.0008003205520444547,3.4403006761150094e-05,291402,S2,W29U_F0D8813BABEB03235BE3F5F1
0.6647363318337247,0.0001435417681639854,6.838779541326583e-06,0.014635738976704686,1.7229746016256413,0.014569571662372724,0.000138127396748691,291402,S2,W29U_75E1B5DFD8A7A539DE8FC900
0.5182182411583818,0.0005550803463088551,2.4544279996287817e-05,0.017371878624142877,1.3645339545524893,0.016945043089714656,0.0005307350085449,291402,S2,W29U_9F64F2ED6522A8545701DEE2
0.31351277369052044,1.2483037494206079e-06,6.999118520973848e-07,1.5583722013124604e-05,0.6299211691184953,1.4530715075923914e-05,8.840237511914437e-07,291402,S2,W29U_1B1E7F331C8C1B7B2435E8C2
1.1352128959522867,0.00011754392740238794,4.62504769341819e-06,0.006961580363387909,2.116101943602971,0.00700434932766663,0.00011309239786316104,291402,S2,W29U_8FEF3BAD240070F8614650A4
0.6059118550648765,6.011675499395562e-06,6.841630903660076e-07,9.7363914276178e-05,0.4797410908187909,9.18580372324159e-05,5.535259897676669e-06,291403,S1,W29U_2B98D8963199CEBD39881CF3
0.07408514909351435,2.4018085160243204e-06,2.3953987246521637e-06,2.4708392037491254e-06,0.13614352874946403,5.937277027967697e-07,6.309002828562933e-08,291403,S1,W29U_11EACAC0A69B433BE5335374
0.04198782944401475,4.879010737973703e-06,4.879176326498115e-06,4.903737224460975e-06,0.059362659346429925,9.322829971303026e-08,4.710540906009416e-08,291403,S1,W29U_CDB45AA59812E048F89D1FEF
0.06649115275492837,2.3647212683129334e-06,2.3616741049226966e-06,2.48331316818407e-06,0.07857993542593131,3.910677498615127e-07,4.637846149323484e-08,291403,S1,W29U_D8CFC7B512CCF79D00E3DA72
0.08833754599034097,1.938937749023083e-06,1.9200736805063384e-06,2.777880932395501e-06,0.08102660687704251,1.6950340895508606e-06,1.3898909373483607e-07,291403,S1,W29U_0C150BD91825DDE5B26260D3
0.1466190338691853,1.2933515575463186e-06,1.0417800660227448e-06,1.5620105218774936e-05,0.21702412932772808,1.4820445323975878e-05,8.593761345368529e-07,291403,S1,W29U_2F5C149851D9AB038AA06566
0.14948245943621258,1.377047960113269e-06,7.357137450625326e-07,1.7505764946786123e-05,0.21283513096070966,1.63133299173779e-05,1.023368410319222e-06,291403,S1,W29U_A3B6D3BDB73A7B2D4AE044E2
0.43940864847277916,2.133694162152173e-06,5.63748203159805e-07,5.497414799584904e-05,0.2803188881827477,5.2967303289764034e-05,1.871621907563539e-06,291403,S1,W29U_AC8C1DB17FDD8141A366E8D2
0.07845882966760014,2.1945100867786946e-06,2.1899144213620775e-06,2.4712223466861608e-06,0.11876177733597836,7.01186923229239e-07,4.3248677298330144e-08,291403,S1,W29U_B1AA4B604A313D5010E1A61F
0.3999825874753808,2.884510453992975e-06,5.019548582726475e-07,3.661011009436673e-05,0.45451119551069524,3.385952981660732e-05,2.5355594295290894e-06,291403,S1,W29U_4BC3ADADD4685C9154124B37
0.13748273696701943,9.410444929972458e-07,8.25656074074176e-07,8.05373113244811e-06,0.29782492676781586,7.564619667006418e-06,4.3683383251041295e-07,291403,S1,W29U_62F02A00E48B9E836FA9D0FE
0.34340881394548234,2.133389062917266e-06,6.962624876032215e-07,3.556657422273065e-05,0.3795339256368344,3.3542351559605996e-05,1.8552594095955985e-06,291403,S1,W29U_E53925AE8D426CFBA11CA56F
0.1013230119337356,1.3535694751452136e-06,1.2853768348170544e-06,3.266829581078632e-06,0.19739849043620822,2.420301762847903e-06,1.6027902916948875e-07,291403,S1,W29U_5E9585B5B6DBFD2154636B70
0.14052161587221496,9.83730948149377e-07,8.071481490307886e-07,7.99680570023639e-06,0.24519790745507392,7.420556324511777e-06,4.766603872553047e-07,291403,S1,W29U_E9525766D7F0FD19E74D6A7E
0.37502157683618864,1.2141818258261923e-06,4.801670912283381e-07,1.6886079496809384e-05,0.25274699124453404,1.6122765838063253e-05,9.693771298472677e-07,291403,S1,W29U_BA70175A76438B66A59B5FB8
0.3736797397103366,1.368606742820425e-06,5.036241185686876e-07,1.8460476155193378e-05,0.26189781930070216,1.7535311049652063e-05,1.1284130077300792e-06,291403,S1,W29U_A972A9FE615861DB83C1C26E
0.4577015927964125,2.2246808154782873e-06,4.0581866180700104e-07,2.6678174325874446e-05,0.4583293300537738,2.4602578141013293e-05,2.0305932436818677e-06,291403,S1,W29U_D72E64A6FE3FD6481A8DD4F3
0.08205869195828418,1.9135066342410487e-06,1.9084558462131064e-06,2.018407545360146e-06,0.10655506390480038,4.7222527962313383e-07,4.348824216509556e-08,291403,S1,W29U_AAD068AB87B51FB466F1641F
0.23502832750049224,2.8864108047986346e-06,4.804857510048811e-07,5.075925419451974e-05,0.4069509490364619,4.790697538164184e-05,2.7398209490656803e-06,291403,S1,W29U_6CFF1D75487CD3A42D913977
0.22858967075700415,2.6736626331622307e-06,1.3337004563611395e-06,3.9187087022454356e-05,0.46676732178476626,3.6841125409230535e-05,2.1646530628405718e-06,291403,S1,W29U_E39EA8A21758C10BCC5F4B25
0.08302752231003749,2.0822251504786356e-06,2.088334731001369e-06,2.6197741286020702e-06,0.12358484346991261,1.6184233742085047e-06,1.1499978727252018e-07,291403,S1,W29U_C886BB9C0B293A1ED9758B14
0.28190351362666166,3.6679598583102747e-06,6.228143812001794e-07,6.1034322355306557e-05,0.3549911507613297,5.7410256149921004e-05,3.445581134381377e-06,291403,S1,W29U_A5910054BB855156E9B32F8C
0.07069738804991291,2.4976257539582663e-06,2.488335546699153e-06,2.8626675306485976e-06,0.17046441168362345,1.0943479768568793e-06,9.132453267143365e-08,291403,S1,W29U_2A89DC488AD15CBE1249ED0D
0.04322526713797163,3.4903901316788443e-06,3.4886248862009143e-06,3.4849107964723857e-06,0.09966184871901412,9.24485289104065e-08,3.530013163716916e-08,291403,S1,W29U_9D11D773ABD3D5DDFD96D857
0.27340388925645825,3.549796074107007e-06,6.432911649745206e-07,5.950501172800697e-05,0.4028029217145701,5.5999293084398314e-05,3.218379865576485e-06,291403,S1,W29U_B52BC9EA0A5865F529FD944F
0.1733990520927786,1.1918897770630083e-06,1.167465002185255e-06,5.0400551538983476e-06,0.2452753679382267,4.64685638321083e-06,3.210692030124627e-07,291403,S1,W29U_994622A6D5AD3781B8DCA5E7
0.14859518668735547,1.9638814241092163e-06,1.1887163157796887e-06,2.2370557894478957e-05,0.156470086448058,2.0745366754709812e-05,1.259642918314499e-06,291403,S1,W29U_35D26B470FA840A2B61FA7BD
0.12142865114162607,4.1703727528652215e-06,4.167495544025304e-06,5.06689697650443e-06,0.1806603142059425,2.521208903572508e-06,1.4294940477686085e-07,291403,S1,W29U_D863F5D445E32C9CFE045647
0.12777446371512174,1.227902517165468e-06,1.2101309801194712e-06,3.526940013318576e-06,0.096759021490914,3.1133031374892735e-06,1.9410508955234577e-07,291403,S1,W29U_30410D146F275D9B501A8D8B
0.23267332393386775,2.9985071770944186e-06,1.7432701404170149e-06,4.0393241832017605e-05,0.3063410363798116,3.79124103026803e-05,2.2955910705472588e-06,291403,S1,W29U_AB05A2088E675A5855032D7A
0.1438950415981736,1.5222093163942764e-06,1.4416340867559941e-06,4.398153577925003e-06,0.10271865121375715,3.5706165205767125e-06,2.4388193121493784e-07,291403,S1,W29U_CBC2DCAEF6675B5D9A70E2E5
0.332278690147584,2.379810809684125e-06,5.426033106859428e-07,9.856884376624553e-05,0.7147196118056998,9.673902301692883e-05,2.149130005218167e-06,291403,S1,W29U_21A4C462A4AB85B5ED8A8FB9
0.12337683083354246,3.3367697040296535e-06,3.3091247509362382e-06,5.285737615148793e-06,0.2054738089846463,3.5298552323902278e-06,2.3644513247939436e-07,291403,S1,W29U_229702C2BCB73563FD30EE1D
0.4691439244484031,2.145690740688425e-06,3.3236414062732417e-07,2.6004584330930515e-05,0.4583042898362436,2.394386131505049e-05,2.009810969514991e-06,291403,S1,W29U_3BDC39A40CA0FF75A3C3A3A6
0.09578863911951266,1.9438049503873485e-06,1.953736307053651e-06,3.1311466161082102e-06,0.09850014474403382,2.5390371715762475e-06,1.5545593569782467e-07,291403,S1,W29U_4C6ED1EB798517953D0DC778
0.07465532595886089,2.096271817763351e-06,2.091461645393024e-06,2.1185171865023583e-06,0.059271329390207975,2.348323227498667e-07,1.997863423944685e-08,291403,S1,W29U_75132999B0C6E0EEE43BA989
0.1622249138035266,1.3670416460127081e-06,1.245767675606717e-06,8.372461901417838e-06,0.24325085528769588,7.737528774090303e-06,4.585098566121142e-07,291403,S1,W29U_F6CAD417553B07D618F9E108
0.2429685588699291,3.5997040617517513e-06,2.1842403046858556e-06,4.242752044331678e-05,0.3290907637977988,3.944652538166007e-05,2.371217781494787e-06,291403,S1,W29U_E5D1686A18607C9EE6DB4092
0.13928794499814084,7.686690534623376e-07,7.152051315196566e-07,7.683885526204773e-06,0.25075164294962937,7.350334843699599e-06,4.748845465112133e-07,291403,S1,W29U_93A1C9E34685B6807135F4C8
0.08353658733116734,2.388132163580167e-06,2.3803973039869964e-06,2.5019211597696488e-06,0.07022198329180251,3.086363096314224e-07,2.820082643480208e-08,291403,S1,W29U_F2575FC5D972AB054D7C658A
0.32918496973444983,2.891664799860859e-06,5.44708017771553e-07,0.00014945748168316588,0.7313707692501137,0.00014712882422019668,2.642169238827078e-06,291403,S1,W29U_0400BA4294543C5E4BC160A2
0.11753681530864012,3.938876545321985e-06,3.969005387432463e-06,5.0192735852571395e-06,0.16343621023002028,3.4016537936300222e-06,2.6439966202327546e-07,291403,S1,W29U_7A5126EDF2108BF759D41021
0.08816876589655559,1.6930341934156865e-06,1.6941540295705944e-06,1.7117636571703953e-06,0.08676643357012064,2.3043623242820187e-07,4.706707382534026e-08,291403,S1,W29U_4542EF183B2513200195497A
0.09147926140966071,3.82418551757898e-06,3.835130956504683e-06,3.865182923917768e-06,0.21262601786437962,1.2469255891112521e-06,9.739701195505044e-08,291403,S1,W29U_1286685795C121BE6FFD658C
0.07119529715054683,2.3472595779275068e-06,2.3372854512936637e-06,2.6107030236496344e-06,0.12848114855123458,7.638990470150793e-07,5.541436532455911e-08,291403,S1,W29U_1EDF61048BA683FEF104C62A
0.14985545495752334,1.094726904340961e-06,1.0982155957581877e-06,4.344360019391486e-06,0.1498586781633781,4.108288537670642e-06,2.3040549032446106e-07,291403,S1,W29U_D215F181D8F005BABBB41D37
0.4183513398492604,2.2888402226943604e-06,5.738401570842422e-07,5.983027341214531e-05,0.26951081599627486,5.7628355552973515e-05,2.0546532513310564e-06,291403,S1,W29U_339AD37DFA36D01C73FDFF3C
0.075135204856932,3.06063244015496e-06,3.0525537323789592e-06,3.4980582743582217e-06,0.21581462649851985,1.6010044095446577e-06,1.4227504725811329e-07,291403,S1,W29U_6E065B84AB4956262BB4BD6F
0.31655522357263954,2.2971529024221488e-06,5.083648875612794e-07,4.174213936667643e-05,0.3596163170914442,3.949686928793218e-05,2.186212622378166e-06,291403,S1,W29U_927D329B3C584BE046A0AFEA
0.37934772207857737,2.548658131977342e-06,4.480999370059803e-07,4.5475915674571e-05,0.3760112355027221,4.2958776305683925e-05,2.397119914410188e-06,291403,S1,W29U_B497E36FB07F5FA1D12D6681
0.41377317593959595,1.6808359038514284e-06,4.4418649927148593e-07,2.509909723931807e-05,0.28959468517392895,2.3532619897721975e-05,1.4388929042494503e-06,291403,S1,W29U_C262155F67E1F514B8FA68C7
0.14662561832445137,2.0568281275146903e-06,1.0418113883349983e-06,2.8337387172762614e-05,0.4538498379018696,2.6523656047358467e-05,1.5973839018607166e-06,291403,S1,W29U_C9C26419E0818E40CBA4D6F3
0.22931893119737815,2.6796083541113884e-06,1.2058403410802118e-06,4.327947722702234e-05,0.35994678871230096,4.087305607849509e-05,2.388059165705258e-06,291403,S1,W29U_C37CB46A6C677AD0D2838FA4
0.13977495503000215,1.7933132265370953e-06,1.3123896459067976e-06,1.782318646563726e-05,0.45293528052355825,1.6524009449466993e-05,9.888613192288905e-07,291403,S1,W29U_03C728A071DA819C6F3B21E4
0.4611393958250195,1.9967953896102087e-06,4.775302735885018e-07,5.677569010134064e-05,0.2774371291606491,5.4894895379420475e-05,1.906796667780689e-06,291403,S1,W29U_C93146E96852E40F0233C116
0.14598022851150075,1.3117650158923887e-06,1.266503098228622e-06,4.989797682356072e-06,0.1251797239280198,4.464775087878041e-06,2.609710961290555e-07,291403,S1,W29U_3F4110C5508739D0A0562757
0.08569995979564253,2.712616765762884e-06,2.6633396019011757e-06,4.447531608038741e-06,0.28934294080124384,2.4471652320854285e-06,1.0580989635524601e-07,291403,S1,W29U_5225D08BCA1DB372E74B864E
0.14391054282771842,1.2171185020794817e-06,1.1409105063075072e-06,1.28774610799797e-05,0.440067068870659,1.233371304592341e-05,7.652904606334355e-07,291403,S1,W29U_3B1DE5598F0CCCE7F61AFBE1
0.07459969952312,1.4326789124542138e-06,1.4276583956348112e-06,1.6535022243490512e-06,0.12648452274096522,7.064003562790494e-07,5.701764150043233e-08,291403,S1,W29U_E8621BBB9863314435A966E1
0.14375930285207467,2.3313253732659764e-06,2.1633828711501227e-06,1.1286220659358065e-05,0.44342643233520207,1.0154725954014331e-05,5.907439156206784e-07,291403,S1,W29U_0BDB0E4B75075FE966B69FDA
0.1317271784806942,1.1321840207205968e-06,1.0820411581941836e-06,1.4438938488886398e-05,0.47993287624197745,1.3926537993349712e-05,8.348036067871102e-07,291403,S1,W29U_099BE3736653346E3715B34A
0.06306446544650188,1.6377030675363574e-06,1.6590993157059809e-06,1.8653783377175388e-06,0.18709805561394843,1.1576837177569055e-06,9.974921933210882e-08,291403,S1,W29U_32F562E65836D385C8CB4933
0.07923623680273449,2.6468153560767124e-06,2.654256581019876e-06,3.215064216658021e-06,0.28041213095454887,2.0231633968644765e-06,1.8135112802188128e-07,291403,S1,W29U_BFAD2644EFC4F67B5A47D53E
0.09373272904424329,3.528444125100813e-06,3.521763873856607e-06,4.0100628933320334e-06,0.2653411155400475,1.8020886056831282e-06,1.4173570791205756e-07,291403,S1,W29U_06C75BD11D18D5EDD00EABD8
0.8959327627600583,0.00017686033332027347,1.1453124756883235e-05,0.0010654035236590264,0.8271127690870699,0.0008978580033421458,0.00016541966647804724,291403,S2,W29U_326073E5F43273FC845408A0
1.96576047762557,1.0546378682712099e-05,8.234879247936375e-07,0.0004294422387768426,0.578219128002168,0.00043922203731499334,9.771674056230764e-06,291403,S2,W29U_76811E4D88E5C2FA3ACD9DD3
0.5038513058775148,2.1879815108470414e-05,1.4318541751815485e-06,0.000478602894186224,0.5936162454977411,0.0004646694364654157,2.0496892846459575e-05,291403,S2,W29U_7091BA5B54BA708C00866B17
0.5517129553846513,6.302141923262477e-06,7.3387240319037e-07,9.625646306681938e-05,0.636167186166917,8.996838212851177e-05,5.688500241660513e-06,291403,S2,W29U_F7AB4F136A77970A34D1A43F
0.5137364091974674,0.00573341361087943,0.0001757303400339082,0.09015642935361874,0.9114633516126529,0.09202237887108385,0.005794172302320629,291403,S2,W29U_8E712C01124CEB485ECD2748
0.2830182275867155,2.7883500934911855e-05,1.6672582815218785e-06,0.0005907167746965547,0.7904658481564779,0.000562898282397584,2.62502974228484e-05,291403,S2,W29U_FA9D93D425F5C70A742F5E9C
1.696506784497994,0.0020854786457470075,1.8116394087794797e-05,0.018299556776637218,1.1866143460824314,0.01785106964291527,0.002089892678126017,291403,S2,W29U_A95DCDBC237EC90DA99443C6
0.04948835150177154,1.8661177725887085e-06,1.8721770690584404e-06,2.062324767293917e-06,0.3379935868283817,8.677933887118447e-07,5.7076742402321723e-08,291403,S2,W29U_75056D080DB9B6E897E24389
0.5110524848030787,1.2041220309202783e-05,1.043403936585532e-06,0.00024233147688659817,0.8915540642471907,0.0002303595377865152,1.1175415379957536e-05,291403,S2,W29U_5D3E6C4B86EA4699F1BA5BC9
0.514478851039907,0.0014427459482840603,3.5246489295075886e-05,0.05168676386752288,2.5734503970950304,0.05035576766333964,0.0014247910763394037,291403,S2,W29U_F0BEB3AB1E28EE7E91693942
1.0794712977984235,2.849842749481447e-06,3.4648670988214765e-07,4.7512643024300475e-05,0.2531073829189838,4.4681639604804316e-05,2.7397310358559825e-06,291403,S2,W29U_5D7544863F07E544752F14A3
0.4628467248792216,0.00132397099173046,3.605380442867411e-05,0.01676995116611718,1.4485646363811373,0.015465930250087315,0.0012925520252949434,291403,S2,W29U_894380770DDE02AAD0312DF3
3.363561896737637,8.365552810249182e-06,5.55071954539314e-07,0.0004600768709183088,0.7681533222713264,0.0004535318824482851,7.8684246611342e-06,291403,S2,W29U_B580C1E61BF9DD2D208CAADD
0.45616917740221663,1.534690548663777e-05,8.942346404429619e-07,0.00020236087740823386,0.3287426148625403,0.00018713728467975065,1.4503714216096987e-05,291403,S2,W29U_2341959B2E16642BC6F095EA
0.5337765221204599,0.014662308590381474,0.0003498661469888846,0.10594687837996963,2.3729720423623446,0.11610037421959765,0.014873760970256188,291403,S2,W29U_892DA025ACDFF84933321F20
0.6574561991707651,0.00044243134326339245,1.5885174993660182e-05,0.02762628683497396,2.283469387625291,0.027923483336084833,0.0004307346803061798,291403,S2,W29U_73065A553DFE906571964300
1.5820855306003163,6.564055361882713e-06,4.5430916442227465e-07,8.248892200922155e-05,0.6117305290779708,8.55958385327496e-05,6.223301233478088e-06,291403,S2,W29U_C60ABF0DB56F7FBB9895074C
1.1361550320218212,0.011769526277686387,0.00024411165216226932,0.07870627821586287,2.4224026971039563,0.08041361071767318,0.011644265426510017,291403,S2,W29U_3DF0E7AAB226AAD308C16CE9
0.2241495750782238,2.4345694714046893e-06,5.263753290976218e-07,4.90356050967458e-05,0.40869642985965604,4.66399515153691e-05,2.6747457003770734e-06,291403,S2,W29U_BFB40E437B015FF1CAF06607
1.4549106980039823,0.008656646121655828,4.835370530773712e-05,0.05924578385666799,1.5034742407300496,0.05915007448602958,0.00866489584332011,291403,S2,W29U_CEE8A1F4EEDE37ED7EE387BD
0.7985855338168344,1.8353787074751276e-05,1.0716843619324738e-06,0.0009123225163453085,0.6271780943473754,0.0009204153455476219,1.7363494811609925e-05,291403,S2,W29U_FDC8D87187069F82ADEA16CB
0.12198806019219988,1.3184978980715512e-06,1.3718780354305189e-06,4.4894963917552545e-06,0.5732078998486405,4.4439440064019736e-06,2.310050886737699e-07,291403,S2,W29U_930765BC222C77ED6DA8FCF1
0.47638574468172046,0.0005350656584448701,3.6866211300917846e-05,0.013552669656658986,1.725811676206907,0.013077229397307492,0.0005519560330273336,291403,S2,W29U_8554CD43CD3B32615F3A644F
0.5665041444677504,0.008793745194040258,9.906211272822885e-05,0.10587996970581884,1.7802250657966319,0.11389937606090283,0.008720080584251555,291403,S2,W29U_3312DE18215FD10EB1066B20
0.4575317996903594,1.0710173830725419e-05,7.846779136190644e-07,7.905645693598667e-05,0.2472242771087507,7.510189910582531e-05,1.0009291049550622e-05,291403,S2,W29U_A2599D3295EC0563B06B9904
2.8514175073659898,2.049242696618821e-06,3.134841061066451e-07,4.292563990254989e-05,0.5776579068049827,4.0903380790751434e-05,1.9803166045147364e-06,291403,S2,W29U_61CA805816309171BA652E24
1.9756700920681713,7.376212212172247e-06,6.676008481545537e-07,0.00024179329434713713,0.7477191267879743,0.00023543683953088654,6.768718456310913e-06,291403,S2,W29U_4A949BC43B7EBA039FBCF755
0.28873161326406627,2.8413500684658915e-05,1.2506463210589498e-06,0.0006253521302756438,1.3461768169780848,0.0005971017151120638,2.7318640784697085e-05,291403,S2,W29U_BAEA92E0AF8EFDA4A5D1A272
0.2611341075519061,8.42979901193471e-06,8.100637418631602e-07,0.00014598254037669647,0.8173067456340274,0.00013757851891528072,7.786932074975602e-06,291403,S2,W29U_7B66010E91B04E7D027A4DB1
0.8058800996936722,0.000193761328922938,2.5404163714064645e-06,0.013117605784350122,0.8676944447840974,0.012954260731149069,0.0001925336261456348,291403,S2,W29U_C1EEFD3EC60839B7FC16C567
0.5064091747428827,0.008733231038996278,0.00013446064171034375,0.06015829669914399,2.8959890468712426,0.06312057732234477,0.008652859155623853,291403,S2,W29U_845964ADB660A765D929E61B
1.2385219261098204,0.0001521706753247712,2.04183514454739e-06,0.019599213668005953,0.5796285819445682,0.01970637101216437,0.00015114003109202405,291403,S2,W29U_35C707ACB41E5A2BB2C7F4F4
0.6080424092186769,0.0004475865338353403,5.370941570910864e-06,0.03539230915717328,2.548648256621159,0.03581823131069694,0.00044628930424489403,291403,S2,W29U_949CC7C8E67B372BAFDBC304
2.3101151289751214,7.631938030894296e-06,5.565897182210566e-07,0.0002858655006962583,0.6829842099205945,0.0002803492089597263,7.170542961425849e-06,291403,S2,W29U_66B630D7911A20329B5E4CE5
0.36738840373500103,6.027741095181946e-05,3.2934828856413665e-06,0.0012608853944977223,1.7631534814299623,0.0012010875867198743,5.700578663882192e-05,291403,S2,W29U_4AB8314629FC2762CF312EFA
0.3301358189373844,1.92447918733994e-05,1.296081636541491e-06,0.0002867208468613402,0.5300962464864105,0.00026773339255914316,1.7991805128138734e-05,291403,S2,W29U_350A2A50D509582EE77C5BC2
0.7186921049042093,6.581401258735952e-05,3.4913292344572164e-06,0.0021475873239180984,0.5932609118599527,0.0020824341766223792,6.233758648503156e-05,291403,S2,W29U_900AA2BEA87870498EC902FB
0.47959637308399244,2.2644778854268062e-05,1.5104378601801138e-06,0.00043970387942946084,0.5408164193939855,0.0004247952753139133,2.1162811662935767e-05,291403,S2,W29U_A28F88AE9DF49C367E44FAD1
0.4880134132558787,9.805596273202788e-06,1.0086110514506918e-06,0.00016393200493128922,0.6046004217665364,0.00015415111162015937,9.042437454305165e-06,291403,S2,W29U_5D9D815DFF68050432EF99CA
0.6185949985074957,8.146591483671363e-05,4.5287896181532265e-06,0.001954119727147573,1.6853119627751303,0.0018838697082747186,7.694634462333524e-05,291403,S2,W29U_5CE02771C093B1300C2D102D
0.9890148347516018,0.0001176838855050873,6.820522196609564e-06,0.01917495561329086,1.0051205670906553,0.01908454618190315,0.0001144036760326297,291403,S2,W29U_08B2456A07EE4238C5B02531
0.0708207482656562,1.987833063481714e-06,1.9385232395833756e-06,3.1677292602496494e-06,0.25501878173373826,1.3582932999070735e-06,7.306955495180235e-08,291403,S2,W29U_DEE413EAB57AC5251CC94C3E
0.48767017301681204,0.00022820737466622935,1.1190534275277893e-05,0.005541923816684436,1.8760177757809162,0.005317106069149087,0.0002170242818822689,291403,S2,W29U_D81E592C61FB76827E183645
0.44712549386819667,3.953867798046432e-05,2.0444493251662535e-06,0.0005833488878467306,2.538647327856861,0.0005527721766835027,3.75350491855707e-05,291403,S2,W29U_1132CA32846D8F057C579B58
1.229356903113152,0.0004940510016906019,2.3000990262594486e-05,0.007200581838895949,2.044393230177405,0.006928050834191253,0.00047132273205016884,291403,S2,W29U_FE6861630248BEA0B78E17F9
0.5053143944083865,0.013907817492129288,0.00016280218359224414,0.06610993461766285,1.4096198377546183,0.05623842960451613,0.013829660544779203,291403,S2,W29U_4B296E6D957772C67FE3C252
1.1023015716019076,0.005317919925613894,9.815293924286715e-05,0.10023524603401388,1.318212094896746,0.10505641846573258,0.005356681934364046,291403,S2,W29U_A7B8E37FC1BCCA0FFB6D7F9E
0.5748612291415134,0.0004357080716372075,1.7872622316270453e-05,0.014692681005260173,1.4144412599696459,0.014789285907443736,0.0004203386724338357,291403,S2,W29U_E40515EC2262E92D9B884A15
0.2902605094104577,1.4231004663521698e-05,9.980409721338755e-07,0.00047044505551678865,1.8408140045439183,0.0004564334413168599,1.3364440454489466e-05,291403,S2,W29U_41FD60E27CD7FE165904AA23
0.8244696341234246,6.5803456904240584e-06,4.616511815644458e-07,0.000156288695411416,1.0774769096586054,0.00015400361544969286,6.2634527737159105e-06,291403,S2,W29U_F38CAC611236E1EDC4F0B734
0.34324882772946175,2.594004375375015e-05,1.662466320276904e-06,0.0004672265923185618,1.3021002668201054,0.00044130354482853975,2.4334090372753614e-05,291403,S2,W29U_253B572365B24FEC3BC50C3A
0.6068266697790226,6.665688411387057e-05,3.5429012533972794e-06,0.0018928161004293014,0.5765158394374317,0.001827319271081496,6.312392304435247e-05,291403,S2,W29U_9EC6A4D2F3C37960EF79F609
0.3573282209185097,4.650399356566059e-05,3.0816387640758335e-06,0.0033913145685127303,0.8302932491574131,0.0033786709477195936,4.3508955959146936e-05,291403,S2,W29U_2EE18F548561B5DF87AA953F
0.26240238634149843,3.8495048345466604e-05,2.7462215943669764e-06,0.0008025330816468477,1.1332234176454814,0.0007646124242109184,3.578058445611168e-05,291403,S2,W29U_03F715C9B2E6CAD085714748
0.11173229375591105,1.4455294065545543e-06,6.795798404663478e-07,2.7087604931483734e-05,0.6849900705132972,2.5798462272902624e-05,1.4548437342113149e-06,291403,S2,W29U_6E1CE2BCDE6D0C1A10B6BCF1
0.430322641308063,3.3741584892171885e-06,6.143760564191381e-07,0.00010126456608185581,0.8819389423983057,9.873124367128763e-05,2.8969335884081687e-06,291403,S2,W29U_B37F78D6C87C711025971C0A
0.32764705268991606,2.0955580800206463e-06,5.128086199102807e-07,3.374238730262792e-05,0.7351664489895526,3.1708016734344286e-05,1.985021143289216e-06,291403,S2,W29U_BA8F0BBA7DD34894F52D8984
0.3170154223506436,1.6626592204367707e-06,6.465817646476795e-07,2.660129970564442e-05,0.8068029909179008,2.5046966167838656e-05,1.4707265921145392e-06,291403,S2,W29U_1A76051F68A035461FA58639
0.6405959679983204,0.0002394030516313251,1.1928564563679675e-05,0.02078441622956621,2.2689698885661276,0.020838277080625675,0.0002283151568018906,291403,S2,W29U_2E4321BF2DB1D8DD3E839BC4
0.17837998964889829,1.4254444796459251e-06,1.2560012122297715e-06,8.437813472773004e-06,0.29730828750909594,7.587224248320725e-06,5.458524200695584e-07,291403,S2,W29U_F0D8813BABEB03235BE3F5F1
0.2054634476093198,9.191614685146657e-06,6.878873241058662e-07,0.0001872414363254073,0.79005512099322,0.00017806317200421443,8.666898125387572e-06,291403,S2,W29U_75E1B5DFD8A7A539DE8FC900
0.5314074041878506,0.0013716888682317355,1.0881140224927948e-05,0.05230979398297681,0.86076194555381,0.053609308021999404,0.0013616980615241373,291403,S2,W29U_9F64F2ED6522A8545701DEE2
0.05783465253302346,2.2369061905435973e-06,2.255250352562545e-06,2.3562384734030434e-06,0.31279735145041965,1.140543257354824e-06,1.0132951467862423e-07,291403,S2,W29U_1B1E7F331C8C1B7B2435E8C2
0.7776871615960546,0.0004614223004014221,1.5640876415159212e-05,0.01199896965892906,2.22771765351042,0.011562061943776824,0.00044658230424583783,291403,S2,W29U_8FEF3BAD240070F8614650A4
0.055512833681293276,2.552609246315173e-06,2.5704803917040156e-06,2.238734723781467e-06,0.16065687314751212,1.0362986128050402e-06,7.658866204993489e-08,291404,S1,W29U_2B98D8963199CEBD39881CF3
0.04810063201223606,4.071031807878713e-06,4.0792299314670625e-06,4.06980527424941e-06,0.13991951278452136,2.422725758930804e-07,7.365338707869895e-08,291404,S1,W29U_11EACAC0A69B433BE5335374
0.09712773128386672,9.981356155119812e-06,9.9800717025178e-06,9.906403748007598e-06,0.22800198533016688,8.286022839045482e-07,1.2427957304921135e-07,291404,S1,W29U_CDB45AA59812E048F89D1FEF
0.07784629083177542,4.5203877682748915e-06,4.506747777676399e-06,4.930604688473583e-06,0.1279020192613181,9.128556238903912e-07,7.468432661418225e-08,291404,S1,W29U_D8CFC7B512CCF79D00E3DA72
0.04300512968116172,2.3693225271567896e-06,2.3589251931846373e-06,2.3483651905551936e-06,0.1209658980361036,1.2713839762177962e-07,3.821259382976124e-08,291404,S1,W29U_0C150BD91825DDE5B26260D3
0.08277982704635445,1.2645990463259566e-06,1.2867054405408802e-06,1.7666712887620863e-06,0.2636290421577309,1.4393814240951725e-06,1.1649014963383583e-07,291404,S1,W29U_2F5C149851D9AB038AA06566
0.366662384512748,3.1101285765305094e-06,1.8225817435349965e-06,4.230930469485153e-05,0.4190814271814861,3.973850395027542e-05,2.420762568763456e-06,291404,S1,W29U_A3B6D3BDB73A7B2D4AE044E2
0.14730808107626142,7.531423179031517e-07,6.108150251490589e-07,1.0058177964434602e-05,0.5148732027561508,9.583065654431544e-06,5.951437633943731e-07,291404,S1,W29U_AC8C1DB17FDD8141A366E8D2
0.2845862680667251,3.688453847802256e-06,3.634288964123409e-06,6.016309305980093e-06,0.16455044517368722,3.435035086654598e-06,2.0411028418554822e-07,291404,S1,W29U_B1AA4B604A313D5010E1A61F
0.060580449376443066,5.794202937710241e-06,5.798797815554163e-06,5.843926895887705e-06,0.08126830204611207,3.046268686231833e-07,6.777712997624877e-08,291404,S1,W29U_4BC3ADADD4685C9154124B37
0.08073382037351376,1.534351141010059e-06,1.5338104828652668e-06,2.3195637811364956e-06,0.2649153114445914,1.460049579917686e-06,1.1363021858103702e-07,291404,S1,W29U_62F02A00E48B9E836FA9D0FE
0.11623220965039834,1.795555942031832e-06,1.763067899128585e-06,5.320804954412621e-06,0.23689723597050977,4.642920209400689e-06,3.165832309810127e-07,291404,S1,W29U_E53925AE8D426CFBA11CA56F
0.2487207892998598,7.994646898770203e-06,1.064306132715211e-06,0.00012729221831361552,0.3672062620307993,0.00011935530433062404,7.536473567401744e-06,291404,S1,W29U_5E9585B5B6DBFD2154636B70
0.4189202195071653,2.853222732116896e-06,1.6534819520700914e-06,3.9220883211760815e-05,0.37703753935081413,3.685951921293956e-05,2.267904146912244e-06,291404,S1,W29U_E9525766D7F0FD19E74D6A7E
0.15495145625309298,9.449555554156975e-07,7.571662826042209e-07,9.815610371272395e-06,0.5187547425865845,9.228980016208615e-06,5.761763038587438e-07,291404,S1,W29U_BA70175A76438B66A59B5FB8
0.1518079861682115,8.950636811749378e-07,6.354445961004146e-07,1.1587750369160322e-05,0.5166193198665779,1.0942676296047668e-05,6.854283233432035e-07,291404,S1,W29U_A972A9FE615861DB83C1C26E
0.08477044758926239,4.98881738727523e-06,4.997026441012511e-06,5.124335112295396e-06,0.15184608039971717,5.643059524839305e-07,6.972961761329528e-08,291404,S1,W29U_D72E64A6FE3FD6481A8DD4F3
0.0663218799073857,9.084019757442837e-06,9.090525837211931e-06,9.102806968251004e-06,0.08183306282769702,4.892593944825016e-07,8.324472241359613e-08,291404,S1,W29U_AAD068AB87B51FB466F1641F
0.5517315667314647,0.000137873679730651,8.546961539848405e-06,0.0024010014640582426,0.5713972778975547,0.002295947066039234,0.00012940293467812245,291404,S1,W29U_6CFF1D75487CD3A42D913977
0.19655370367968408,3.088603676834697e-06,3.0267265815893765e-06,6.119799196435096e-06,0.2877678045063016,4.683518211836628e-06,2.953321176769031e-07,291404,S1,W29U_E39EA8A21758C10BCC5F4B25
0.2417879896238116,2.864711334419843e-06,2.870149462519627e-06,4.697091107316463e-06,0.254736965776527,3.670719864962821e-06,2.502461619514323e-07,291404,S1,W29U_C886BB9C0B293A1ED9758B14
0.0682705663968141,8.424788967340657e-06,8.482366045295811e-06,8.112269025555355e-06,0.23072345536466632,9.413546932316526e-07,1.8559824533966287e-07,291404,S1,W29U_A5910054BB855156E9B32F8C
0.050714164676266583,3.920069264587578e-06,3.916730475366418e-06,3.89796208477557e-06,0.14543485236482978,2.540430484771358e-07,7.752944277218109e-08,291404,S1,W29U_2A89DC488AD15CBE1249ED0D
0.14451650618369707,1.943244566175451e-06,1.8892083697081126e-06,6.5989228058273454e-06,0.21614919174318825,5.8069282266730566e-06,3.194903810791596e-07,291404,S1,W29U_9D11D773ABD3D5DDFD96D857
0.0558909569043492,9.615896584414227e-06,9.57226980969386e-06,9.646719756110737e-06,0.1558455863093617,4.962652544573149e-07,1.387067126699985e-07,291404,S1,W29U_B52BC9EA0A5865F529FD944F
0.06954521749792691,7.996768693922437e-06,7.982700541216654e-06,7.980860932646192e-06,0.17857557129279739,4.356361666731195e-07,1.047976753518719e-07,291404,S1,W29U_994622A6D5AD3781B8DCA5E7
0.08188317646999253,1.191253117979386e-06,1.200261911429383e-06,1.8821001574967446e-06,0.2510075007371419,1.4461676053323206e-06,1.1380675683313544e-07,291404,S1,W29U_35D26B470FA840A2B61FA7BD
0.1318970071620496,4.4342087093474326e-06,4.464870932292186e-06,5.585811625182775e-06,0.15594357874344258,3.98354183870834e-06,2.5874312546754393e-07,291404,S1,W29U_D863F5D445E32C9CFE045647
0.043016166204747124,1.1643034374429566e-05,1.1653321216924589e-05,1.1695248863906004e-05,0.1593727142482469,6.145732559999791e-07,1.3290387696787287e-07,291404,S1,W29U_30410D146F275D9B501A8D8B
0.1538047474697053,3.1339237613433697e-06,3.1448657890024725e-06,8.692379113754952e-06,0.19157963044872955,8.119558312067429e-06,5.027781947681714e-07,291404,S1,W29U_AB05A2088E675A5855032D7A
0.06897727759175938,1.1452059518996673e-05,1.1452314286240912e-05,1.1413225658554228e-05,0.23096860779012107,1.1569147637071124e-06,1.309601653402701e-07,291404,S1,W29U_CBC2DCAEF6675B5D9A70E2E5
0.34512549605311615,1.266139980667867e-05,1.7934931120472958e-06,0.0002089086311649157,0.39364260626874886,0.00019643882968870232,1.1874601110294673e-05,291404,S1,W29U_21A4C462A4AB85B5ED8A8FB9
0.12159634842161245,3.4852507214803073e-06,3.4791884012556005e-06,5.7547890886815055e-06,0.2181771047137745,4.298902343811442e-06,2.8122120840975474e-07,291404,S1,W29U_229702C2BCB73563FD30EE1D
0.06399691108469972,5.181091140615582e-06,5.133869673032494e-06,5.355823323539862e-06,0.13244421714838941,3.3264548249329566e-07,1.0064353310552367e-07,291404,S1,W29U_3BDC39A40CA0FF75A3C3A3A6
0.04500672998524335,3.2479681889363478e-06,3.255837371330567e-06,3.2485722654952815e-06,0.10570738988424952,7.668164893129134e-08,5.271283179339809e-08,291404,S1,W29U_4C6ED1EB798517953D0DC778
0.050622366777010465,9.052634291230896e-06,9.038333877996003e-06,9.079048416294744e-06,0.1310025278691275,3.392017503908635e-07,1.0544443699237898e-07,291404,S1,W29U_75132999B0C6E0EEE43BA989
0.060773470450028885,2.640968371403758e-06,2.652436791081303e-06,2.5754049614065805e-06,0.17925260382436223,5.538969645682355e-07,7.348125434588671e-08,291404,S1,W29U_F6CAD417553B07D618F9E108
0.20365587400951685,4.025986387527726e-06,3.3128579926008697e-06,2.025761461761943e-05,0.2586627619405704,1.7328797951813055e-05,1.268496755483925e-06,291404,S1,W29U_E5D1686A18607C9EE6DB4092
0.4155238952347153,3.158438503171109e-06,1.907464989627994e-06,3.650441221401872e-05,0.37942340885591846,3.387986325131338e-05,2.096268921533084e-06,291404,S1,W29U_93A1C9E34685B6807135F4C8
0.06057793571125383,9.720283334455058e-06,9.738486892900991e-06,9.606270768730782e-06,0.18343064555664979,5.320773486745771e-07,1.252147360076261e-07,291404,S1,W29U_F2575FC5D972AB054D7C658A
0.34085520102566075,1.4058782896808704e-05,2.086131556536971e-06,0.0002511685531686264,0.4111208987725645,0.0002372853798155781,1.3295034925065502e-05,291404,S1,W29U_0400BA4294543C5E4BC160A2
0.12879451228574199,4.016835410204726e-06,4.084844214508635e-06,5.707433252190113e-06,0.15953272658159828,4.946942537112507e-06,3.117543433662311e-07,291404,S1,W29U_7A5126EDF2108BF759D41021
0.059230816101570334,7.18131005733018e-06,7.185053268338956e-06,7.01902437132373e-06,0.1860755456482743,6.268464236997522e-07,7.512598758150291e-08,291404,S1,W29U_4542EF183B2513200195497A
0.029008656183312564,7.502052800297416e-06,7.50714513460861e-06,7.514130336058005e-06,0.05296486650077086,1.0038866084762425e-07,6.82569231352269e-08,291404,S1,W29U_1286685795C121BE6FFD658C
0.04696212157090987,4.289604261307383e-06,4.287291753353583e-06,4.256219539104913e-06,0.11465903294944844,2.248402187023117e-07,4.463932797207882e-08,291404,S1,W29U_1EDF61048BA683FEF104C62A
0.05335908640750781,7.827854743937375e-06,7.846737544653266e-06,7.874774566700289e-06,0.2025645581722233,7.663556775664734e-07,7.743608771348783e-08,291404,S1,W29U_D215F181D8F005BABBB41D37
0.14491561357067181,9.152762104984203e-07,5.86403717004375e-07,1.3407995801924979e-05,0.5121743876753435,1.2689806239135067e-05,7.343916173319598e-07,291404,S1,W29U_339AD37DFA36D01C73FDFF3C
0.02217096406404507,7.782838323805012e-06,7.77548972210246e-06,7.782303591401267e-06,0.04497226786699374,8.643099139085825e-08,6.284218223194568e-08,291404,S1,W29U_6E065B84AB4956262BB4BD6F
0.10092847812639608,1.6794286008176533e-06,1.6009621233780403e-06,5.17417978109054e-06,0.24643264379649985,4.366902183696086e-06,2.850480340007503e-07,291404,S1,W29U_927D329B3C584BE046A0AFEA
0.1036491706094107,1.8727845293317118e-06,1.921586222127847e-06,4.521841070363568e-06,0.2538483905081231,4.28236923691722e-06,2.756825607676784e-07,291404,S1,W29U_B497E36FB07F5FA1D12D6681
0.15331312580345927,8.662628784253906e-07,6.951968149263427e-07,1.1303394856587084e-05,0.5218527646131256,1.0752184635910258e-05,6.579368528022387e-07,291404,S1,W29U_C262155F67E1F514B8FA68C7
0.026193387433055132,6.723889402546285e-06,6.724832132052167e-06,6.7419963060870326e-06,0.06110623538092572,1.1076229736363736e-07,5.098531128285943e-08,291404,S1,W29U_C9C26419E0818E40CBA4D6F3
0.20299179245805243,2.5045332134129146e-06,2.3446483103608022e-06,1.0405137743607301e-05,0.25003061018393136,9.152169946631193e-06,6.102268739735145e-07,291404,S1,W29U_C37CB46A6C677AD0D2838FA4
0.05509853256818129,6.554677929385523e-06,6.550410633811869e-06,6.533792679004605e-06,0.08344269073069199,6.9881741817995e-08,4.113764362291731e-08,291404,S1,W29U_03C728A071DA819C6F3B21E4
0.15596768585853601,9.54749438556951e-07,6.132929759368556e-07,9.340482019733032e-06,0.5126117553711454,8.557151915996892e-06,5.365957639106533e-07,291404,S1,W29U_C93146E96852E40F0233C116
0.07853204827572323,1.0326084799813768e-05,1.0329727411135504e-05,1.0203628215956203e-05,0.2625525425849897,1.3768495098069113e-06,9.982643202456794e-08,291404,S1,W29U_3F4110C5508739D0A0562757
0.03875928081963875,1.1763108110977335e-05,1.175673581431041e-05,1.1764671851199884e-05,0.06578923873311272,1.1917630542065062e-07,8.582943307348912e-08,291404,S1,W29U_5225D08BCA1DB372E74B864E
0.028145883630424164,5.259605480614929e-06,5.254685410915087e-06,5.2455827393026775e-06,0.055798804844672596,7.842014541039073e-08,4.498466604553138e-08,291404,S1,W29U_3B1DE5598F0CCCE7F61AFBE1
0.214597801695684,3.2829961313828256e-06,3.3092131851918783e-06,4.073231373906566e-06,0.26465200232855024,2.672888260330065e-06,2.488178957263804e-07,291404,S1,W29U_E8621BBB9863314435A966E1
0.04407690511214679,5.683506034906872e-06,5.678123596555865e-06,5.719750832138528e-06,0.07476382201199173,1.0182635615070798e-07,4.2127783413639645e-08,291404,S1,W29U_0BDB0E4B75075FE966B69FDA
0.02512157839985083,6.627546501852749e-06,6.608213329734656e-06,6.624981826584423e-06,0.05490098054661303,8.804522059179295e-08,7.069313439492724e-08,291404,S1,W29U_099BE3736653346E3715B34A
0.04861129606887598,6.410739056393151e-06,6.385217951299571e-06,6.407970575893086e-06,0.05597950291117088,2.576973315464812e-07,1.1829634337474167e-07,291404,S1,W29U_32F562E65836D385C8CB4933
0.03027408254274897,1.1354760596174271e-05,1.1380967957297888e-05,1.134676406426665e-05,0.057051423527566744,1.1420220807674475e-07,1.1526309515850537e-07,291404,S1,W29U_BFAD2644EFC4F67B5A47D53E
0.039976274928976915,9.24666438649699e-06,9.249545595077803e-06,9.237116821089072e-06,0.04187665685101341,9.801952443044042e-08,8.976878337201706e-08,291404,S1,W29U_06C75BD11D18D5EDD00EABD8
0.018599749374407698,5.737264131930922e-06,5.739431799011884e-06,5.823327655946263e-06,0.10951924071010558,2.1437295027173822e-07,8.235086754431116e-08,291404,S2,W29U_326073E5F43273FC845408A0
3.368679270673783,3.7045415787563256e-06,4.6173735957092393e-07,7.690439126587726e-05,0.6483049511695315,7.321613628789092e-05,3.406372460663909e-06,291404,S2,W29U_76811E4D88E5C2FA3ACD9DD3
0.016393430423699364,5.12884438626122e-06,5.138064626047429e-06,5.19766018611497e-06,0.09751205233307027,3.337402873586759e-07,6.149648899834905e-08,291404,S2,W29U_7091BA5B54BA708C00866B17
0.6722183366194997,3.4735181631312365e-06,5.614386170303175e-07,6.199835198201152e-05,0.5113754905653394,5.857242220566944e-05,3.338015721137985e-06,291404,S2,W29U_F7AB4F136A77970A34D1A43F
1.0158747087108952,4.235004526754231e-06,5.300409566346128e-07,6.330875495332587e-05,0.7075106568864327,5.909722561677571e-05,3.843162536424573e-06,291404,S2,W29U_8E712C01124CEB485ECD2748
0.09180621472043686,1.6854118233399778e-06,1.1143691439875594e-06,1.3524384522200059e-05,0.726093245853692,1.2167437204866407e-05,8.967275838636344e-07,291404,S2,W29U_FA9D93D425F5C70A742F5E9C
0.9370901767998945,3.7237549256202575e-05,1.8101545526013258e-06,0.004205274452154436,0.7725653296713917,0.004179233894353562,3.54555100150379e-05,291404,S2,W29U_A95DCDBC237EC90DA99443C6
0.025854492071142553,6.658493807094072e-06,6.67408927027249e-06,6.728709600157105e-06,0.09032386950915201,1.8717343604011243e-07,3.0954194160765116e-08,291404,S2,W29U_75056D080DB9B6E897E24389
0.5050165873916528,3.000590628354645e-06,9.09107804345332e-07,6.045351076822721e-05,1.1057085925520915,5.761701530077422e-05,2.6406592340694263e-06,291404,S2,W29U_5D3E6C4B86EA4699F1BA5BC9
0.5203392246709129,0.0014892966413630937,5.4858433440148855e-06,0.02704688864544194,3.9716157980584694,0.02635648726854252,0.001487009958865924,291404,S2,W29U_F0BEB3AB1E28EE7E91693942
0.02824383436802422,2.29459481954742e-06,2.3021146561526503e-06,2.2711890666959895e-06,0.08859556228297849,1.0480419796103869e-07,5.110992622136497e-08,291404,S2,W29U_5D7544863F07E544752F14A3
0.48967397842200344,0.000603677303892597,0.00014198388495803593,0.024879433699494545,2.966473953090414,0.025119699349338796,0.0005270845946662263,291404,S2,W29U_894380770DDE02AAD0312DF3
2.461995247757639,2.1117206534839715e-05,1.3644352094117903e-06,0.0004010726713281161,0.6700946127681291,0.0003827774146913295,1.9794521145780404e-05,291404,S2,W29U_B580C1E61BF9DD2D208CAADD
0.0353061987785893,1.5155059704467078e-05,1.51669497891459e-05,1.5193097076150515e-05,0.4789335283689012,2.4231548230314265e-07,2.3673451939629557e-07,291404,S2,W29U_2341959B2E16642BC6F095EA
0.2956604998475799,6.826808368878893e-06,7.517812086159001e-07,0.00012161754255598374,0.7997227346021194,0.00011481987660308636,6.474063308697398e-06,291404,S2,W29U_892DA025ACDFF84933321F20
0.11369550690098437,2.5702533959531207e-06,2.6379020095950603e-06,2.4412046883032133e-06,0.2774155955430463,4.2148305735335055e-07,1.4150467206861422e-07,291404,S2,W29U_73065A553DFE906571964300
0.8120569743446493,2.04251495336932e-06,4.951578995941924e-07,3.209410126649036e-05,0.5843664075317643,3.011945078706265e-05,1.9169434203209863e-06,291404,S2,W29U_C60ABF0DB56F7FBB9895074C
0.44710238444293005,0.00017742842073809384,1.0123340554667641e-05,0.002592242689745019,2.085719710814754,0.0024165667418313583,0.00016733126527971202,291404,S2,W29U_3DF0E7AAB226AAD308C16CE9
0.06868895402845297,4.038843873879102e-06,4.038345013418699e-06,3.999923134064669e-06,0.07350631833784799,8.069748277388851e-08,3.335422592465623e-08,291404,S2,W29U_BFB40E437B015FF1CAF06607
1.3316648749766269,0.0034333327331196807,0.0001359767561782821,0.03989167450743317,1.5779083891310075,0.037836113483821286,0.0034586435687748115,291404,S2,W29U_CEE8A1F4EEDE37ED7EE387BD
1.962080961162225,3.089566939568833e-06,3.80304486035287e-07,6.063759334557816e-05,0.7342228975166856,5.758522206403422e-05,3.120611493859642e-06,291404,S2,W29U_FDC8D87187069F82ADEA16CB
0.03424720831415242,3.3399664348592783e-06,3.2939937336108642e-06,3.322642442651485e-06,0.05692415489264526,5.831177903112534e-08,8.620048796501415e-08,291404,S2,W29U_930765BC222C77ED6DA8FCF1
0.48735798307325323,0.0006500149027701082,9.810264454977106e-05,0.015730980903297064,2.605022438625688,0.016227994047272928,0.0005620145331257536,291404,S2,W29U_8554CD43CD3B32615F3A644F
0.790544148464884,0.008784136370404644,0.00010025926129355559,0.06852562688923992,2.0633791554102157,0.07694233442662035,0.008687410596814542,291404,S2,W29U_3312DE18215FD10EB1066B20
0.20528980207641656,1.5791023819298064e-05,8.033105577564367e-07,0.00024915155019035587,0.6280547014233144,0.00023341486400418613,1.5061468699158229e-05,291404,S2,W29U_A2599D3295EC0563B06B9904
0.02158867060261054,2.41156166111503e-06,2.3928417640304103e-06,2.4111183125143006e-06,0.08223204792246719,6.29551160213004e-08,5.60506315678106e-08,291404,S2,W29U_61CA805816309171BA652E24
0.4815262200142764,3.643309670391783e-05,2.153368774771089e-06,0.0012755075800465346,0.6676230732042098,0.0012539351704731647,3.43083881811802e-05,291404,S2,W29U_4A949BC43B7EBA039FBCF755
3.145264570718229,2.6279841247031217e-06,4.850435434420693e-07,3.84698350229173e-05,0.4348069006973215,3.5923328194008294e-05,2.360959377144318e-06,291404,S2,W29U_BAEA92E0AF8EFDA4A5D1A272
0.444052332400071,2.5317618911710875e-06,6.695641636607505e-07,4.391315852572125e-05,0.5237921786337233,4.144690144779369e-05,2.409595376170982e-06,291404,S2,W29U_7B66010E91B04E7D027A4DB1
0.2624384499784576,1.9637541309150277e-06,1.7862207850513366e-06,2.191427785297771e-05,0.9246894879594297,2.0957368011694993e-05,1.412263124037006e-06,291404,S2,W29U_C1EEFD3EC60839B7FC16C567
1.1133820102235132,0.005659527768129062,9.705771314649566e-05,0.06654425198479809,2.5025952105887166,0.07213324398609632,0.005564714625042441,291404,S2,W29U_845964ADB660A765D929E61B
0.07124346021737342,1.8713078156102303e-06,1.9131143749315467e-06,4.227462915470286e-06,0.35030354042917283,3.5082829554110673e-06,2.515093501578559e-07,291404,S2,W29U_35C707ACB41E5A2BB2C7F4F4
0.13138242336034908,2.3412561692678564e-06,1.1358069488530268e-06,2.2356535309814763e-05,0.9266187044628995,2.0096508213599742e-05,1.3116852633751239e-06,291404,S2,W29U_949CC7C8E67B372BAFDBC304
0.09047644506587421,1.0080988587157983e-06,9.953994019262287e-07,5.979001919920727e-06,0.5657070551165446,5.722893430966845e-06,1.7956079459218267e-07,291404,S2,W29U_66B630D7911A20329B5E4CE5
0.24005974102297306,3.4940661385513692e-06,1.5526371570960232e-06,4.4475655979475624e-05,1.1075636011845227,4.116527263214376e-05,2.2655767296575565e-06,291404,S2,W29U_4AB8314629FC2762CF312EFA
0.028267009260691502,5.537283542627512e-06,5.5683372905881925e-06,5.532559508404215e-06,0.07090482343562217,7.043859482018797e-08,7.054262506626682e-08,291404,S2,W29U_350A2A50D509582EE77C5BC2
0.08569002792507954,3.2539471978856508e-06,3.2355744298349075e-06,3.236780100276833e-06,0.05406850896991976,7.76451395795167e-08,8.848450034222675e-08,291404,S2,W29U_900AA2BEA87870498EC902FB
0.038573139234523934,8.403872080480992e-06,8.309330871117229e-06,8.418152280043155e-06,0.055689430594762376,6.083332339267266e-08,1.1445139986325857e-07,291404,S2,W29U_A28F88AE9DF49C367E44FAD1
0.03087966458951114,3.962466408940803e-06,3.7328882898052328e-06,3.6636300712317193e-06,0.23448680016830406,5.675499800086103e-07,4.378706146961994e-07,291404,S2,W29U_5D9D815DFF68050432EF99CA
0.3265768410956111,2.8899983983406724e-05,1.9144695655743037e-06,0.0005014845053690137,1.5882336274225703,0.0004726113236064417,2.7105799806945705e-05,291404,S2,W29U_5CE02771C093B1300C2D102D
1.3723786210906037,0.00017859480122660957,1.0866602788994894e-05,0.03067316150649312,1.153248439236114,0.030527605424494595,0.00016887563647129337,291404,S2,W29U_08B2456A07EE4238C5B02531
0.061299025276259494,2.5225739984202216e-06,2.5369256274146837e-06,2.6427910115764547e-06,0.1304731603100807,2.851546208021828e-07,5.880808766255002e-08,291404,S2,W29U_DEE413EAB57AC5251CC94C3E
0.05134252913851122,1.0692908303571803e-06,1.0273971614571518e-06,2.1294223378122965e-06,0.3545309464770774,1.638876917072606e-06,1.6747190167133832e-07,291404,S2,W29U_D81E592C61FB76827E183645
0.48422992115477137,4.6671954861859416e-05,2.90265657776779e-06,0.0012312224467272395,3.362310434030806,0.001254870352779532,4.382266788260343e-05,291404,S2,W29U_1132CA32846D8F057C579B58
0.4366258570327306,0.00026196515196623123,1.3206846835268704e-05,0.007119606553255957,2.113927330619485,0.006858124083971059,0.0002487712683813007,291404,S2,W29U_FE6861630248BEA0B78E17F9
0.35682753935244277,5.563749086447662e-05,3.4818960322284288e-06,0.0007793927798065109,1.3551597568390508,0.0007241460753861384,5.217435235572777e-05,291404,S2,W29U_4B296E6D957772C67FE3C252
0.7049835598266979,0.0007598004616160259,4.8165168531072626e-05,0.04657309346121719,0.9476703285676065,0.046238157311032105,0.0007231985040984214,291404,S2,W29U_A7B8E37FC1BCCA0FFB6D7F9E
1.5227809700069783,0.00010458720315001139,6.706653991896442e-06,0.0014309958503098688,1.4569825531028087,0.0013721557612016906,9.805986877736009e-05,291404,S2,W29U_E40515EC2262E92D9B884A15
0.4156839195200919,1.6793747341777857e-06,1.1230399340449608e-06,1.4699255536276026e-05,0.2871120041393208,1.3249882539709217e-05,7.436516701072212e-07,291404,S2,W29U_41FD60E27CD7FE165904AA23
0.1168168546088022,3.0849609676508365e-06,3.1910922057257503e-06,3.5207986021278444e-06,0.4341165748134389,1.948524851975627e-06,2.422328380914778e-07,291404,S2,W29U_F38CAC611236E1EDC4F0B734
0.030931051226322732,2.1365509791208946e-06,2.1303169005734655e-06,2.1244438550154925e-06,0.09783153528267945,9.497523984699623e-08,6.533436204463747e-08,291404,S2,W29U_253B572365B24FEC3BC50C3A
0.7796093929625246,6.683313173257644e-05,3.641479028108333e-06,0.004899943210403126,0.7404631796580964,0.004907718708935599,6.338915372882298e-05,291404,S2,W29U_9EC6A4D2F3C37960EF79F609
0.0448638190865354,3.6414181450365067e-06,3.6489793510287202e-06,3.6387048465727264e-06,0.17885593769871172,2.1277741640035888e-07,6.971906966712486e-08,291404,S2,W29U_2EE18F548561B5DF87AA953F
0.029886977711812365,9.399619177249987e-06,9.427032340223786e-06,9.49488214187188e-06,0.11764069097468909,1.5551798680138733e-07,7.322492872173655e-08,291404,S2,W29U_03F715C9B2E6CAD085714748
0.06424009432961905,7.109956955025675e-06,7.112684382633001e-06,7.1583331821623915e-06,0.12196463524306408,1.5133801241304486e-07,1.3528797037581132e-07,291404,S2,W29U_6E1CE2BCDE6D0C1A10B6BCF1
0.720729100811136,2.894028450402459e-06,7.227481979848087e-07,4.9061576440840424e-05,0.6061195179510667,4.6258895032417115e-05,2.6698967427156627e-06,291404,S2,W29U_B37F78D6C87C711025971C0A
0.29687346516647856,6.899648357445418e-07,4.043257280248469e-07,9.555324861189846e-06,0.4021419691654414,9.023606420369603e-06,5.085682066864832e-07,291404,S2,W29U_BA8F0BBA7DD34894F52D8984
0.20324575280870208,2.6534248761447e-06,9.095120742975965e-07,3.735953798865911e-05,0.969151723722185,3.480900384106981e-05,2.0792219699057017e-06,291404,S2,W29U_1A76051F68A035461FA58639
0.12192755058094443,3.7476468350448373e-06,3.926197549094522e-06,3.5135134872406834e-06,0.19029595922420328,3.704946817794084e-07,2.3863662503259167e-07,291404,S2,W29U_2E4321BF2DB1D8DD3E839BC4
0.20711807431287604,2.585258764434282e-06,2.4024767631814946e-06,5.077788081197864e-06,0.1529471619634372,2.8862482521439546e-06,2.4825701642051486e-07,291404,S2,W29U_F0D8813BABEB03235BE3F5F1
0.14135340659373954,1.4470709446414612e-06,5.501387348522846e-07,2.3245777685903615e-05,0.7151214895765537,2.1898667648050394e-05,1.2288891199003668e-06,291404,S2,W29U_75E1B5DFD8A7A539DE8FC900
0.5224840602272655,0.00417605711955141,0.00012207858780892167,0.010212178588663934,3.195389053664317,0.011718936061563726,0.004058382280509824,291404,S2,W29U_9F64F2ED6522A8545701DEE2
0.1390729869184848,1.43466558479125e-06,1.4359079383901583e-06,1.7917472381087056e-06,0.11456813470044398,1.0612715390192519e-06,6.672739108006092e-08,291404,S2,W29U_1B1E7F331C8C1B7B2435E8C2
0.6208701705864427,5.896122451293079e-05,3.454031360419682e-06,0.006982170883835168,2.171161557640055,0.006927894419236799,5.55409463731608e-05,291404,S2,W29U_8FEF3BAD240070F8614650A4
